origin_prefecture_code,origin_prefecture_name,destination_prefecture_code,destination_prefecture_name,virtual_load,standard_deviation
1,北海道,1,北海道,68069.18451,20420.75535
1,北海道,2,青森県,15724.88597,11165.89744
1,北海道,3,岩手県,15454.93085,10998.8433
1,北海道,4,宮城県,30342.95593,19709.91082
1,北海道,5,秋田県,12107.48731,8888.616376
1,北海道,6,山形県,13646.23152,9867.988537
1,北海道,7,福島県,23526.58905,15833.20683
1,北海道,8,茨城県,37874.70389,23829.31586
1,北海道,9,栃木県,25443.27043,16939.68655
1,北海道,10,群馬県,25510.75921,16978.39877
1,北海道,11,埼玉県,98965.54844,53515.41552
1,北海道,12,千葉県,84374.47399,46864.17202
1,北海道,13,東京都,191371.1874,91866.89237
1,北海道,14,神奈川県,124516.8009,64699.76392
1,北海道,15,新潟県,28331.79026,18582.36962
1,北海道,16,富山県,13457.26293,9748.613568
1,北海道,17,石川県,14820.53631,10604.54372
1,北海道,18,福井県,9974.84183,7500.858777
1,北海道,19,山梨県,10676.72515,7961.828782
1,北海道,20,長野県,26820.04157,17726.21512
1,北海道,21,岐阜県,25861.70088,17179.43835
1,北海道,22,静岡県,47606.58611,28950.08208
1,北海道,23,愛知県,100693.2612,54289.25486
1,北海道,24,三重県,23094.66086,15581.91476
1,北海道,25,滋賀県,18923.85419,13114.84119
1,北海道,26,京都府,34014.34562,21737.11748
1,北海道,27,大阪府,118199.851,61983.90981
1,北海道,28,兵庫県,72037.52483,41060.08458
1,北海道,29,奈良県,17344.61671,12159.50709
1,北海道,30,和歌山県,11878.02545,8741.079509
1,北海道,31,鳥取県,7167.308541,5607.72981
1,北海道,32,島根県,8665.559479,6628.547856
1,北海道,33,岡山県,24714.3916,16520.53534
1,北海道,34,広島県,36632.91032,23160.44034
1,北海道,35,山口県,17290.62569,12126.61866
1,北海道,36,徳島県,9245.962996,7017.338782
1,北海道,37,香川県,12377.44243,9061.677189
1,北海道,38,愛媛県,17223.13691,12085.4863
1,北海道,39,高知県,8854.528066,6755.512597
1,北海道,40,福岡県,68730.57456,39472.49415
1,北海道,41,佐賀県,10636.23188,7935.352578
1,北海道,42,長崎県,16899.19076,11887.71041
1,北海道,43,熊本県,22905.69227,15471.74146
1,北海道,44,大分県,14645.06548,10495.04527
1,北海道,45,宮崎県,13943.18215,10055.09236
1,北海道,46,鹿児島県,20678.5625,14162.12084
2,青森県,1,北海道,17545.85745,12281.9562
2,青森県,2,青森県,4053.326181,1215.997854
2,青森県,3,岩手県,3983.741182,3332.264746
2,青森県,4,宮城県,7821.353867,6056.584862
2,青森県,5,秋田県,3120.887197,2680.642923
2,青森県,6,山形県,3517.52169,2982.588476
2,青森県,7,福島県,6064.332647,4838.040211
2,青森県,8,茨城県,9762.775334,7360.701419
2,青森県,9,栃木県,6558.386138,5184.906963
2,青森県,10,群馬県,6575.782388,5197.056569
2,青森県,11,埼玉県,25509.86057,16977.8834
2,青森県,12,千葉県,21748.79138,14794.06612
2,青森県,13,東京都,49328.80566,29836.01703
2,青森県,14,神奈川県,32096.0807,20682.7388
2,青森県,15,新潟県,7302.945626,5701.249866
2,青森県,16,富山県,3468.812191,2945.739124
2,青森県,17,石川県,3820.216435,3210.221175
2,青森県,18,福井県,2571.165706,2254.325525
2,青森県,19,山梨県,2752.086703,2395.725352
2,青森県,20,長野県,6913.269632,5431.9339
2,青森県,21,岐阜県,6666.242886,5260.166482
2,青森県,22,静岡県,12271.31454,8993.706828
2,青森県,23,愛知県,25955.20456,17232.92843
2,青森県,24,三重県,5952.996649,4759.371824
2,青森県,25,滋賀県,4877.908417,3989.281831
2,青森県,26,京都府,8767.709851,6697.227515
2,青森県,27,大阪府,30467.79173,19779.48571
2,青森県,28,兵庫県,18568.75693,12901.12576
2,青森県,29,奈良県,4470.836174,3692.229879
2,青森県,30,和歌山県,3061.739948,2635.231848
2,青森県,31,鳥取県,1847.481719,1676.031559
2,青森県,32,島根県,2233.678462,1987.357844
2,青森県,33,岡山県,6370.506641,5053.418182
2,青森県,34,広島県,9442.684339,7148.343225
2,青森県,35,山口県,4456.919174,3682.015633
2,青森県,36,徳島県,2383.286209,2106.244719
2,青森県,37,香川県,3190.472196,2733.935748
2,青森県,38,愛媛県,4439.522924,3669.2422
2,青森県,39,高知県,2282.387961,2026.163574
2,青森県,40,福岡県,17716.3407,12385.52393
2,青森県,41,佐賀県,2741.648953,2387.598142
2,青森県,42,長崎県,4356.020926,3607.841932
2,青森県,43,熊本県,5904.287149,4724.894341
2,青森県,44,大分県,3774.986186,3176.351833
2,青森県,45,宮崎県,3594.065189,3040.369478
2,青森県,46,鹿児島県,5330.210909,4315.678596
3,岩手県,1,北海道,28456.38385,18652.59443
3,岩手県,2,青森県,6573.802733,5195.674185
3,岩手県,3,岩手県,6460.947751,1938.284325
3,岩手県,4,宮城県,12684.90004,9258.120274
3,岩手県,5,秋田県,5061.545967,4122.247173
3,岩手県,6,山形県,5704.819368,4583.318123
3,岩手県,7,福島県,9835.311729,7408.688872
3,岩手県,8,茨城県,15833.55405,11233.02278
3,岩手県,9,栃木県,10636.58211,7935.581628
3,岩手県,10,群馬県,10664.79585,7954.030373
3,岩手県,11,埼玉県,41372.6366,25693.6625
3,岩手県,12,千葉県,35272.8248,22423.39659
3,岩手県,13,東京都,80002.89713,44827.86224
3,岩手県,14,神奈川県,52054.3607,31226.84394
3,岩手県,15,新潟県,11844.13042,8719.25165
3,岩手県,16,富山県,5625.82088,4527.071122
3,岩手県,17,石川県,6195.738542,4930.647855
3,岩手県,18,福井県,4169.991605,3470.517729
3,岩手県,19,山梨県,4463.41456,3686.783355
3,岩手県,20,長野県,11212.14252,8310.59798
3,岩手県,21,岐阜県,10811.50733,8049.853502
3,岩手県,22,静岡県,19901.97617,13700.38644
3,岩手県,23,愛知県,42094.90849,26075.15246
3,岩手県,24,三重県,9654.743757,7289.139564
3,岩手県,25,滋賀県,7911.134277,6117.796071
3,岩手県,26,京都府,14219.7278,10228.81551
3,岩手県,27,大阪府,49413.55411,29879.46838
3,岩手県,28,兵庫県,30115.35209,19582.93829
3,岩手県,29,奈良県,7250.932629,5665.415211
3,岩手県,30,和歌山県,4965.619232,4052.868023
3,岩手県,31,鳥取県,2996.299787,2584.866655
3,岩手県,32,島根県,3622.64494,3061.905055
3,岩手県,33,岡山県,10331.87365,7735.892361
3,岩手県,34,広島県,15314.42113,10911.72153
3,岩手県,35,山口県,7228.361632,5649.854121
3,岩手県,36,徳島県,3865.283152,3243.919031
3,岩手県,37,香川県,5174.40095,4203.655671
3,岩手県,38,愛媛県,7200.147887,5630.393634
3,岩手県,39,高知県,3701.643428,3121.324968
3,岩手県,40,福岡県,28732.87856,18808.25637
3,岩手県,41,佐賀県,4446.486312,3674.355914
3,岩手県,42,長崎県,7064.721908,5536.840922
3,岩手県,43,熊本県,9575.745269,7236.739328
3,岩手県,44,大分県,6122.382803,4878.982753
3,岩手県,45,宮崎県,5828.959849,4671.503341
3,岩手県,46,鹿児島県,8644.691663,6614.504021
4,宮城県,1,北海道,47147.15486,28712.7833
4,宮城県,2,青森県,10891.61916,8102.100222
4,宮城県,3,岩手県,10704.63857,7980.071516
4,宮城県,4,宮城県,21016.61791,6304.985374
4,宮城県,5,秋田県,8386.079301,6440.072051
4,宮城県,6,山形県,9451.868643,7154.450133
4,宮城県,7,福島県,16295.35811,11517.52351
4,宮城県,8,茨城県,26233.37627,17391.87753
4,宮城県,9,栃木県,17622.92027,12328.79028
4,宮城県,10,群馬県,17669.66542,12357.184
4,宮城県,11,埼玉県,68547.08298,39383.98153
4,宮城県,12,千葉県,58440.78228,34435.44062
4,宮城県,13,東京都,132550.5377,68111.27515
4,宮城県,14,神奈川県,86244.79548,47728.94691
4,宮城県,15,新潟県,19623.61254,13534.20638
4,宮城県,16,富山県,9320.982233,7067.342036
4,宮城県,17,石川県,10265.23419,7692.111097
4,宮城県,18,福井県,6908.932668,5428.925331
4,宮城県,19,山梨県,7395.082193,5764.644334
4,宮城県,20,長野県,18576.52126,12905.80537
4,宮城県,21,岐阜県,17912.74018,12504.64855
4,宮城県,22,静岡県,32974.02641,21166.5766
4,宮城県,23,愛知県,69743.75873,39960.42494
4,宮城県,24,三重県,15996.18917,11333.35598
4,宮城県,25,滋賀県,13107.33911,9526.912623
4,宮城県,26,京都府,23559.55389,15852.35533
4,宮城県,27,大阪府,81869.44976,45699.93708
4,宮城県,28,兵庫県,49895.76948,30126.4509
4,宮城県,29,奈良県,12013.50268,8828.236006
4,宮城県,30,和歌山県,8227.145802,6332.509861
4,宮城県,31,鳥取県,4964.334569,4051.937739
4,宮城県,32,島根県,6002.076824,4794.074571
4,宮城県,33,岡山県,17118.07269,12021.40437
4,宮城県,34,広島県,25373.26558,16899.51367
4,宮城県,35,山口県,11976.10656,8804.192099
4,宮城県,36,徳島県,6404.085085,5076.955296
4,宮城県,37,香川県,8573.059887,6566.261194
4,宮城県,38,愛媛県,11929.36141,8774.122097
4,宮城県,39,高知県,6132.963234,4886.439616
4,宮城県,40,福岡県,47605.2573,28949.39634
4,宮城県,41,佐賀県,7367.035105,5745.357813
4,宮城県,42,長崎県,11704.98471,8629.550202
4,宮城県,43,熊本県,15865.30276,11252.62129
4,宮城県,44,大分県,10143.69681,7612.15988
4,宮城県,45,宮崎県,9657.547288,7290.998069
4,宮城県,46,鹿児島県,14322.71292,10293.38268
5,秋田県,1,北海道,15011.55796,10723.52896
5,秋田県,2,青森県,3467.869328,2945.025218
5,秋田県,3,岩手県,3408.335091,2899.899715
5,秋田県,4,宮城県,6691.648283,5277.870208
5,秋田県,5,秋田県,2670.110547,801.033164
5,秋田県,6,山形県,3009.4557,2595.002412
5,秋田県,7,福島県,5188.408789,4213.744386
5,秋田県,8,茨城県,8352.653506,6417.473517
5,秋田県,9,栃木県,5611.101874,4516.579932
5,秋田県,10,群馬県,5625.985434,4527.18839
5,秋田県,11,埼玉県,21825.25143,14839.02557
5,秋田県,12,千葉県,18607.4259,12924.42881
5,秋田県,13,東京都,42203.82089,26132.57841
5,秋田県,14,神奈川県,27460.167,18089.6725
5,秋田県,15,新潟県,6248.118214,4967.490346
5,秋田県,16,富山県,2967.781734,2562.877104
5,秋田県,17,石川県,3268.429633,2793.474948
5,秋田県,18,福井県,2199.790072,1960.302196
5,秋田県,19,山梨県,2354.579089,2083.501152
5,秋田県,20,長野県,5914.726485,4732.286599
5,秋田県,21,岐阜県,5703.379942,4582.294156
5,秋田県,22,静岡県,10498.86276,7845.428814
5,秋田県,23,愛知県,22206.27055,15062.70357
5,秋田県,24,三重県,5093.154009,4145.070922
5,秋田県,25,滋賀県,4173.350041,3473.003549
5,秋田県,26,京都府,7501.313912,5837.605881
5,秋田県,27,大阪府,26067.06584,17296.87951
5,秋田県,28,兵庫県,15886.71125,11265.83347
5,秋田県,29,奈良県,3825.074753,3213.856241
5,秋田県,30,和歌山県,2619.506445,2292.21794
5,秋田県,31,鳥取県,1580.634003,1456.645313
5,秋田県,32,島根県,1911.04902,1727.748722
5,秋田県,33,岡山県,5450.359433,4401.774995
5,秋田県,34,広島県,8078.796014,6231.855534
5,秋田県,35,山口県,3813.167905,3204.946348
5,秋田県,36,徳島県,2039.047631,1831.301763
5,秋田県,37,香川県,2729.644784,2378.246739
5,秋田県,38,愛媛県,3798.284346,3193.804167
5,秋田県,39,高知県,1952.722987,1761.547832
5,秋田県,40,福岡県,15157.41684,10814.23201
5,秋田県,41,佐賀県,2345.648953,2076.419591
5,秋田県,42,長崎県,3726.843261,3140.246597
5,秋田県,43,熊本県,5051.480043,4114.974893
5,秋田県,44,大分県,3229.732379,2763.941966
5,秋田県,45,宮崎県,3074.943361,2645.37799
5,秋田県,46,鹿児島県,4560.322584,3757.812828
6,山形県,1,北海道,30158.55557,19607.05219
6,山形県,2,青森県,6967.027016,5469.204853
6,山形県,3,岩手県,6847.421402,5386.227681
6,山形県,4,宮城県,13443.67101,9740.017927
6,山形県,5,秋田県,5364.311788,4340.139804
6,山形県,6,山形県,6046.063788,1813.819136
6,山形県,7,福島県,10423.62926,7796.109919
6,山形県,8,茨城県,16780.66764,11815.20732
6,山形県,9,栃木県,11272.82912,8349.978396
6,山形県,10,群馬県,11302.73052,8369.370781
6,山形県,11,埼玉県,43847.41809,26996.08957
6,山形県,12,千葉県,37382.73466,23564.77845
6,山形県,13,東京都,84788.41977,47055.8928
6,山形県,14,神奈川県,55168.08946,32799.70787
6,山形県,15,新潟県,12552.60919,9173.681092
6,山形県,16,富山県,5962.339858,4765.980917
6,山形県,17,石川県,6566.348209,5190.46823
6,山形県,18,福井県,4419.427437,3654.479001
6,山形県,19,山梨県,4730.402034,3882.01793
6,山形県,20,長野県,11882.81775,8744.164952
6,山形県,21,岐阜県,11458.21782,8470.094233
6,山形県,22,静岡県,21092.45003,14407.10237
6,山形県,23,愛知県,44612.89402,27396.30545
6,山形県,24,三重県,10232.26028,7670.432949
6,山形県,25,滋賀県,8384.353541,6438.905599
6,山形県,26,京都府,15070.30736,10760.07818
6,山形県,27,大阪府,52369.31809,31386.7038
6,山形県,28,兵庫県,31916.7581,20583.64379
6,山形県,29,奈良県,7684.6607,5963.206552
6,山形県,30,和歌山県,5262.647016,4267.154294
6,山形県,31,鳥取県,3175.529052,2722.503178
6,山形県,32,島根県,3839.340209,3224.52659
6,山形県,33,岡山県,10949.89396,8140.071336
6,山形県,34,広島県,16230.48182,11477.62911
6,山形県,35,山口県,7660.739577,5946.842572
6,山形県,36,徳島県,4096.49228,3416.052873
6,山形県,37,香川県,5483.917402,4425.778276
6,山形県,38,愛媛県,7630.838173,5926.377926
6,山形県,39,高知県,3923.064139,3287.053076
6,山形県,40,福岡県,30451.58933,19770.45826
6,山形県,41,佐賀県,4712.461192,3868.943062
6,山形県,42,長崎県,7487.311436,5827.996737
6,山形県,43,熊本県,10148.53635,7615.346035
6,山形県,44,大分県,6488.60456,5136.128441
6,山形県,45,宮崎県,6177.629963,4917.90129
6,山形県,46,鹿児島県,9161.790032,6961.167486
7,福島県,1,北海道,48994.78323,29664.62976
7,福島県,2,青森県,11318.44586,8379.559951
7,福島県,3,岩手県,11124.13778,8253.436668
7,福島県,4,宮城県,21840.22858,14847.82942
7,福島県,5,秋田県,8714.717541,6661.612485
7,福島県,6,山形県,9822.273616,7400.066969
7,福島県,7,福島県,16933.94947,5080.184841
7,福島県,8,茨城県,27261.4241,17976.97664
7,福島県,9,栃木県,18313.53686,12747.13604
7,福島県,10,群馬県,18362.11388,12776.47059
7,福島県,11,埼玉県,71233.34338,40675.32663
7,福島県,12,千葉県,60730.99147,35570.02168
7,福島県,13,東京都,137745.0003,70293.05272
7,福島県,14,神奈川県,89624.60347,49282.24245
7,福島県,15,新潟県,20392.63335,13992.43386
7,福島県,16,富山県,9686.257958,7310.026518
7,福島県,17,石川県,10667.51378,7955.807242
7,福島県,18,福井県,7179.683682,5616.272042
7,福島県,19,山梨県,7684.884699,5963.359753
7,福島県,20,長野県,19304.50809,13343.257
7,福島県,21,岐阜県,18614.71439,12928.82024
7,福島県,22,静岡県,34266.23051,21874.8145
7,福島県,23,愛知県,72476.91511,41269.9597
7,福島県,24,三重県,16623.05654,11718.67381
7,福島県,25,滋賀県,13620.99665,9852.06121
7,福島県,26,京都府,24482.81851,16386.95477
7,福島県,27,大阪府,85077.79432,47189.80734
7,福島県,28,兵庫県,51851.11206,31123.58995
7,福島県,29,奈良県,12484.29436,9130.02664
7,福島県,30,和歌山県,8549.55567,6550.419507
7,福島県,31,鳥取県,5158.879615,4192.47283
7,福島県,32,島根県,6237.289477,4959.877022
7,福島県,33,岡山県,17788.90504,12429.56051
7,福島県,34,広島県,26367.60692,17468.48048
7,福島県,35,山口県,12445.43274,9105.177998
7,福島県,36,徳島県,6655.051857,5252.365198
7,福島県,37,香川県,8909.025624,6792.059247
7,福島県,38,愛媛県,12396.85572,9074.101483
7,福島県,39,高知県,6373.305136,5055.380433
7,福島県,40,福岡県,49470.83804,29908.83082
7,福島県,41,佐賀県,7655.738486,5943.420554
7,福島県,42,長崎県,12163.68602,8924.689086
7,福島県,43,熊本県,16487.04088,11635.25653
7,福島県,44,大分県,10541.21353,7873.169761
7,福島県,45,宮崎県,10036.01251,7541.209715
7,福島県,46,鹿児島県,14883.99919,10644.09904
8,茨城県,1,北海道,128251.3507,66291.38778
8,茨城県,2,青森県,29627.76592,19310.39585
8,茨城県,3,岩手県,29119.13474,19025.30267
8,茨城県,4,宮城県,57170.14402,33802.41679
8,茨城県,5,秋田県,22812.10818,15417.12659
8,茨城県,6,山形県,25711.30587,17093.33746
8,茨城県,7,福島県,44327.20686,27247.08138
8,茨城県,8,茨城県,71360.95379,21408.28614
8,茨城県,9,栃木県,47938.4882,29121.2572
8,茨城県,10,群馬県,48065.64599,29186.78141
8,茨城県,11,埼玉県,186464.1886,89957.16194
8,茨城県,12,千葉県,158972.6736,79028.40402
8,茨城県,13,東京都,360568.6396,152064.1688
8,茨城県,14,神奈川県,234606.1293,108222.7369
8,茨城県,15,新潟県,53380.84177,31898.93896
8,茨城県,16,富山県,25355.26405,16889.18047
8,茨城県,17,石川県,27923.85148,18352.08857
8,茨城県,18,福井県,18793.9219,13036.71316
8,茨城県,19,山梨県,20116.36295,13828.12844
8,茨城県,20,長野県,50532.50719,30451.92058
8,茨城県,21,岐阜県,48726.86652,29527.00998
8,茨城県,22,静岡県,89697.10763,49315.43383
8,茨城県,23,愛知県,189719.4281,91225.36054
8,茨城県,24,三重県,43513.39698,26821.06814
8,茨城県,25,滋賀県,35655.04534,22631.0055
8,茨城県,26,京都府,64087.52799,37218.581
8,茨城県,27,大阪府,222704.1598,103799.7273
8,茨城県,28,兵庫県,135728.2289,69448.14817
8,茨城県,29,奈良県,32679.55296,21004.53435
8,茨城県,30,和歌山県,22379.77168,15164.3577
8,茨城県,31,鳥取県,13504.15768,9778.260511
8,茨城県,32,島根県,16327.0607,11537.00975
8,茨城県,33,岡山県,46565.18403,28411.59996
8,茨城県,34,広島県,69021.25039,39612.61801
8,茨城県,35,山口県,32577.82673,20948.49999
8,茨城県,36,徳島県,17420.61773,12205.77661
8,茨城県,37,香川県,23320.73935,15713.53714
8,茨城県,38,愛媛県,32450.66894,20878.41591
8,茨城県,39,高知県,16683.10253,11755.46687
8,茨城県,40,福岡県,129497.497,66820.23957
8,茨城県,41,佐賀県,20040.06828,13782.69261
8,茨城県,42,長崎県,31840.31153,20541.37068
8,茨城県,43,熊本県,43157.35516,26634.24832
8,茨城県,44,大分県,27593.24122,18165.0573
8,茨城県,45,宮崎県,26270.80017,17413.241
8,茨城県,46,鹿児島県,38961.14797,24411.4359
9,栃木県,1,北海道,84376.4221,46865.07473
9,栃木県,2,青森県,19492.07451,13455.55346
9,栃木県,3,岩手県,19157.44662,13255.09371
9,栃木県,4,宮城県,37612.17467,23688.22462
9,栃木県,5,秋田県,15008.0608,10721.35264
9,栃木県,6,山形県,16915.43977,11897.6443
9,栃木県,7,福島県,29162.82049,19049.8209
9,栃木県,8,茨城県,46948.29276,28609.94236
9,栃木県,9,栃木県,31538.6785,9461.603548
9,栃木県,10,群馬県,31622.33547,20420.74226
9,栃木県,11,埼玉県,122674.5839,63910.85273
9,栃木県,12,千葉県,104587.9466,56023.73811
9,栃木県,13,東京都,237217.7102,109185.7158
9,栃木県,14,神奈川県,154347.1136,77148.47994
9,栃木県,15,新潟県,35119.1969,22339.84408
9,栃木県,16,富山県,16681.20024,11754.30156
9,栃木県,17,石川県,18371.07108,12781.87834
9,栃木県,18,福井県,12364.50048,9053.392923
9,栃木県,19,山梨県,13234.53299,9607.597035
9,栃木県,20,長野県,33245.28073,21315.62763
9,栃木県,21,岐阜県,32057.35172,20661.3447
9,栃木県,22,静岡県,59011.62814,34719.00113
9,栃木県,23,愛知県,124816.2024,64827.74165
9,栃木県,24,三重県,28627.41586,18748.91165
9,栃木県,25,滋賀県,23457.41499,15793.0114
9,栃木県,26,京都府,42163.11396,26111.118
9,栃木県,27,大阪府,146516.821,73936.79091
9,栃木県,28,兵庫県,89295.45206,49131.49362
9,栃木県,29,奈良県,21499.84184,14647.50886
9,栃木県,30,和歌山県,14723.6271,10544.0936
9,栃木県,31,鳥取県,8884.370441,6775.529027
9,栃木県,32,島根県,10741.55522,8004.187998
9,栃木県,33,岡山県,30635.1832,19872.70433
9,栃木県,34,広島県,45409.00448,27811.25573
9,栃木県,35,山口県,21432.91626,14608.06447
9,栃木県,36,徳島県,11461.00518,8471.898083
9,栃木県,37,香川県,15342.68869,10929.25807
9,栃木県,38,愛媛県,21349.25929,14558.73191
9,栃木県,39,高知県,10975.79474,8156.93878
9,栃木県,40,福岡県,85196.26042,47244.60402
9,栃木県,41,佐賀県,13184.33881,9575.770262
9,栃木県,42,長崎県,20947.70582,14321.51352
9,栃木県,43,熊本県,28393.17634,18616.97501
9,栃木県,44,大分県,18153.56295,12650.44745
9,栃木県,45,宮崎県,17283.53044,12122.29547
9,栃木県,46,鹿児島県,25632.49626,17048.18679
10,群馬県,1,北海道,86033.38131,47631.38466
10,群馬県,2,青森県,19874.8541,13684.21069
10,群馬県,3,岩手県,19533.65489,13480.42517
10,群馬県,4,宮城県,38350.79143,24084.75335
10,群馬県,5,秋田県,15302.78466,10904.50113
10,群馬県,6,山形県,17247.62017,12100.41091
10,群馬県,7,福島県,29735.51133,19370.68466
10,群馬県,8,茨城県,47870.24945,29086.08108
10,群馬県,9,栃木県,32158.02573,20716.94862
10,群馬県,10,群馬県,32243.32554,9672.997661
10,群馬県,11,埼玉県,125083.6311,64941.99686
10,群馬県,12,千葉県,106641.8137,56933.01101
10,群馬県,13,東京都,241876.1214,110896.8783
10,群馬県,14,神奈川県,157378.1365,78381.7687
10,群馬県,15,新潟県,35808.8573,22714.44415
10,群馬県,16,富山県,17008.78072,11954.68081
10,群馬県,17,石川県,18731.83674,12999.35231
10,群馬県,18,福井県,12607.31088,9208.611814
10,群馬県,19,山梨県,13494.42884,9772.11115
10,群馬県,20,長野県,33898.14171,21673.53491
10,群馬県,21,岐阜県,32686.88451,21008.57169
10,群馬県,22,静岡県,60170.48104,35293.0885
10,群馬県,23,愛知県,127267.3061,65872.98227
10,群馬県,24,三重県,29189.59259,19064.84352
10,群馬県,25,滋賀県,23918.06476,16060.333
10,群馬県,26,京都府,42991.10071,26546.91996
10,群馬県,27,大阪府,149394.075,75121.30213
10,群馬県,28,兵庫県,91049.00973,49933.3321
10,群馬県,29,奈良県,21922.04937,14895.90858
10,群馬県,30,和歌山県,15012.76533,10724.28031
10,群馬県,31,鳥取県,9058.839079,6892.368194
10,群馬県,32,島根県,10952.49471,8141.76528
10,群馬県,33,岡山県,31236.78786,20207.04012
10,群馬県,34,広島県,46300.73307,28274.51975
10,群馬県,35,山口県,21853.80953,14855.81175
10,群馬県,36,徳島県,11686.07301,8617.346904
10,群馬県,37,香川県,15643.98387,11115.87855
10,群馬県,38,愛媛県,21768.50973,14805.66312
10,群馬県,39,高知県,11191.33415,8297.088179
10,群馬県,40,福岡県,86869.31938,48016.87059
10,群馬県,41,佐賀県,13443.24895,9739.750992
10,群馬県,42,長崎県,21359.07067,14564.51925
10,群馬県,43,熊本県,28950.75314,18930.7435
10,群馬県,44,大分県,18510.05725,12865.73744
10,群馬県,45,宮崎県,17622.9393,12328.80184
10,群馬県,46,鹿児島県,26135.85964,17336.18696
11,埼玉県,1,北海道,127974.7415,66173.84689
11,埼玉県,2,青森県,29563.86552,19274.62343
11,埼玉県,3,岩手県,29056.33135,18990.04426
11,埼玉県,4,宮城県,57046.84093,33740.85053
11,埼玉県,5,秋田県,22762.90761,15388.3994
11,埼玉県,6,山形県,25655.8524,17061.57003
11,埼玉県,7,福島県,44231.60309,27197.1065
11,埼玉県,8,茨城県,71207.04433,40662.72988
11,埼玉県,9,栃木県,47835.09571,29067.95633
11,埼玉県,10,群馬県,47961.97925,29133.36444
11,埼玉県,11,埼玉県,186062.0275,55818.60824
11,埼玉県,12,千葉県,158629.8055,78889.48488
11,埼玉県,13,東京都,359790.9745,151807.7083
11,埼玉県,14,神奈川県,234100.1368,108035.8518
11,埼玉県,15,新潟県,53265.71135,31840.72658
11,埼玉県,16,富山県,25300.57847,16857.78275
11,埼玉県,17,石川県,27863.62604,18318.04508
11,埼玉県,18,福井県,18753.38766,13012.3231
11,埼玉県,19,山梨県,20072.9765,13802.29374
11,埼玉県,20,長野県,50423.51999,30396.26421
11,埼玉県,21,岐阜県,48621.77368,29472.99034
11,埼玉県,22,静岡県,89503.65123,49226.8602
11,埼玉県,23,愛知県,189310.2462,91066.23297
11,埼玉県,24,三重県,43419.54842,26771.85068
11,埼玉県,25,滋賀県,35578.14546,22589.2666
11,埼玉県,26,京都府,63949.30567,37151.01869
11,埼玉県,27,大阪府,222223.8372,103620.0212
11,埼玉県,28,兵庫県,135435.4938,69325.28167
11,埼玉県,29,奈良県,32609.07055,20965.71328
11,埼玉県,30,和歌山県,22331.50357,15136.08994
11,埼玉県,31,鳥取県,13475.03227,9759.84914
11,埼玉県,32,島根県,16291.84692,11515.36499
11,埼玉県,33,岡山県,46464.75345,28359.55731
11,埼玉県,34,広島県,68872.38714,39540.87076
11,埼玉県,35,山口県,32507.56372,20909.7796
11,埼玉県,36,徳島県,17383.04539,12182.90634
11,埼玉県,37,香川県,23270.44179,15684.27153
11,埼玉県,38,愛媛県,32380.68017,20839.82146
11,埼玉県,39,高知県,16647.12084,11733.42156
11,埼玉県,40,福岡県,129218.2002,66701.80519
11,埼玉県,41,佐賀県,19996.84638,13756.94077
11,埼玉県,42,長崎県,31771.63917,20503.38211
11,埼玉県,43,熊本県,43064.27449,26585.36318
11,埼玉県,44,大分県,27533.72883,18131.35163
11,埼玉県,45,宮崎県,26214.13998,17380.89457
11,埼玉県,46,鹿児島県,38877.11758,24366.51268
12,千葉県,1,北海道,129820.6797,66957.21431
12,千葉県,2,青森県,29990.30178,19513.1096
12,千葉県,3,岩手県,29475.44682,19225.10432
12,千葉県,4,宮城県,57869.6982,34151.24817
12,千葉県,5,秋田県,23091.24523,15579.92464
12,千葉県,6,山形県,26025.91854,17273.36075
12,千葉県,7,福島県,44869.6103,27530.25336
12,千葉県,8,茨城県,72234.15176,41154.034
12,千葉県,9,栃木県,48525.08056,29423.26985
12,千葉県,10,群馬県,48653.79431,29489.45174
12,千葉県,11,埼玉県,188745.8306,90846.60268
12,千葉県,12,千葉県,160917.9197,48275.37591
12,千葉県,13,東京都,364980.6855,153516.2723
12,千葉県,14,神奈川県,237476.8532,109281.1258
12,千葉県,15,新潟県,54034.0287,32228.77287
12,千葉県,16,富山県,25665.52007,17067.10911
12,千葉県,17,石川県,28265.53764,18545.00706
12,千葉県,18,福井県,19023.891,13174.93715
12,千葉県,19,山梨県,20362.51391,13974.53784
12,千葉県,20,長野県,51150.84089,30767.27608
12,千葉県,21,岐阜県,49323.10576,29833.09415
12,千葉県,22,静岡県,90794.67329,49817.22743
12,千葉県,23,愛知県,192040.9024,92126.63047
12,千葉県,24,三重県,44045.84236,27099.94952
12,千葉県,25,滋賀県,36091.33313,22867.52111
12,千葉県,26,京都府,64871.72574,37601.37478
12,千葉県,27,大阪府,225429.247,104817.4823
12,千葉県,28,兵庫県,137389.0477,70144.12891
12,千葉県,29,奈良県,33079.43158,21224.5198
12,千葉県,30,和歌山県,22653.61851,15324.55271
12,千葉県,31,鳥取県,13669.39935,9882.607446
12,千葉県,32,島根県,16526.84442,11659.67836
12,千葉県,33,岡山県,47134.97216,28706.48527
12,千葉県,34,広島県,69865.81891,40019.11504
12,千葉県,35,山口県,32976.46059,21167.91506
12,千葉県,36,徳島県,17633.78259,12335.38924
12,千葉県,37,香川県,23606.1002,15879.38577
12,千葉県,38,愛媛県,32847.74684,21097.11751
12,千葉県,39,高知県,16887.24289,11880.40513
12,千葉県,40,福岡県,131082.0744,67491.12514
12,千葉県,41,佐賀県,20285.28567,13928.6325
12,千葉県,42,長崎県,32229.92088,20756.63975
12,千葉県,43,熊本県,43685.44388,26911.24718
12,千葉県,44,大分県,27930.88192,18356.06187
12,千葉県,45,宮崎県,26592.259,17596.54471
12,千葉県,46,鹿児島県,39437.89041,24665.99091
13,東京都,1,北海道,70698.13841,40418.79699
13,東京都,2,青森県,16332.20925,11540.17381
13,東京都,3,岩手県,16051.82798,11367.64577
13,東京都,4,宮城県,31514.85527,20361.21164
13,東京都,5,秋田県,12575.10017,9188.045751
13,東京都,6,山形県,14173.27344,10199.66821
13,東京都,7,福島県,24435.22809,16359.47781
13,東京都,8,茨城県,39337.49284,24612.42828
13,東京都,9,栃木県,26425.93514,17501.7477
13,東京都,10,群馬県,26496.03046,17541.71054
13,東京都,11,埼玉県,102787.7753,55223.72874
13,東京都,12,千葉県,87633.1674,48368.46515
13,東京都,13,東京都,198762.2856,59628.68569
13,東京都,14,神奈川県,129325.8629,66747.4656
13,東京都,15,新潟県,29426.01478,19197.40915
13,東京都,16,富山県,13977.00654,10076.3674
13,東京都,17,石川県,15392.93198,10960.41603
13,東京都,18,福井県,10360.0881,7754.416951
13,東京都,19,山梨県,11089.07941,8230.64755
13,東京都,20,長野県,27855.87964,18313.66543
13,東京都,21,岐阜県,26860.52611,17749.24319
13,東京都,22,静岡県,49445.23779,29895.70947
13,東京都,23,愛知県,104582.2155,56021.19571
13,東京都,24,三重県,23986.61805,16100.04524
13,東京都,25,滋賀県,19654.72736,13552.79953
13,東京都,26,京都府,35328.04061,22453.41137
13,東京都,27,大阪府,122764.9411,63949.60638
13,東京都,28,兵庫県,74819.74315,42384.9097
13,東京都,29,奈良県,18014.4969,12566.29022
13,東京都,30,和歌山県,12336.77609,9035.642076
13,東京都,31,鳥取県,7444.122843,5798.343527
13,東京都,32,島根県,9000.238917,6853.159295
13,東京都,33,岡山県,25668.9057,17069.04882
13,東京都,34,広島県,38047.73897,23922.21855
13,東京都,35,山口県,17958.42064,12532.3272
13,東京都,36,徳島県,9603.058658,7254.863245
13,東京都,37,香川県,12855.48144,9366.812447
13,東京都,38,愛媛県,17888.32532,12489.85074
13,東京都,39,高知県,9196.505809,6984.343016
13,東京都,40,福岡県,71385.07253,40747.98462
13,東京都,41,佐賀県,11047.02222,8203.295493
13,東京都,42,長崎県,17551.8678,12285.61003
13,東京都,43,熊本県,23790.35116,15986.30148
13,東京都,44,大分県,15210.68415,10847.32427
13,東京都,45,宮崎県,14481.69284,10392.92248
13,東京都,46,鹿児島県,21477.20564,14634.16976
14,神奈川県,1,北海道,152966.1523,76584.77203
14,神奈川県,2,青森県,35337.21344,22458.39686
14,神奈川県,3,岩手県,34730.566,22128.20534
14,神奈川県,4,宮城県,68187.17238,39210.23653
14,神奈川県,5,秋田県,27208.13773,17946.73832
14,神奈川県,6,山形県,30666.02815,19889.87237
14,神奈川県,7,福島県,52869.32449,31640.12947
14,神奈川県,8,茨城県,85112.63598,47205.92498
14,神奈川県,9,栃木県,57176.52132,33805.60037
14,神奈川県,10,群馬県,57328.18318,33881.29128
14,神奈川県,11,埼玉県,222396.9519,103684.8007
14,神奈川県,12,千葉県,189607.6577,91181.902
14,神奈川県,13,東京都,430052.371,174391.6868
14,神奈川県,14,神奈川県,279816.1322,83944.83966
14,神奈川県,15,新潟県,63667.64894,37013.26125
14,神奈川県,16,富山県,30241.37494,19653.26169
14,神奈川県,17,石川県,33304.94452,21348.38478
14,神奈川県,18,福井県,22415.62295,15185.34745
14,神奈川県,19,山梨県,23992.9063,16103.68706
14,神奈川県,20,長野県,60270.42327,35342.50236
14,神奈川県,21,岐阜県,58116.82486,34274.29086
14,神奈川県,22,静岡県,106982.2762,57083.38433
14,神奈川県,23,愛知県,226279.4955,105134.4075
14,神奈川県,24,三重県,51898.68859,31147.76625
14,神奈川県,25,滋賀県,42525.98562,26302.29414
14,神奈川県,26,京都府,76437.57758,43150.88087
14,神奈川県,27,大阪府,265620.5821,119493.7528
14,神奈川県,28,兵庫県,161883.8697,80205.19899
14,神奈川県,29,奈良県,38977.09809,24419.96106
14,神奈川県,30,和歌山県,26692.48741,17653.62405
14,神奈川県,31,鳥取県,16106.48956,11401.31602
14,神奈川県,32,島根県,19473.38286,13444.3702
14,神奈川県,33,岡山県,55538.57323,32985.75815
14,神奈川県,34,広島県,82322.05776,45910.80719
14,神奈川県,35,山口県,38855.7686,24355.09671
14,神奈川県,36,徳島県,20777.67486,14220.85467
14,神奈川県,37,香川県,27814.78517,18290.42813
14,神奈川県,38,愛媛県,38704.10674,24273.96722
14,神奈川県,39,高知県,19898.03607,13698.03675
14,神奈川県,40,福岡県,154452.4385,77191.42672
14,神奈川県,41,佐賀県,23901.90918,16050.97159
14,神奈川県,42,長崎県,37976.12981,23883.78033
14,神奈川県,43,熊本県,51474.03538,30931.8337
14,神奈川県,44,大分県,32910.62368,21131.708
14,神奈川県,45,宮崎県,31333.34033,20260.59834
14,神奈川県,46,鹿児島県,46469.19399,28361.8588
15,新潟県,1,北海道,46462.9076,28358.60062
15,新潟県,2,青森県,10733.54895,7998.958747
15,新潟県,3,岩手県,10549.28202,7878.453072
15,新潟県,4,宮城県,20711.60347,14181.70572
15,新潟県,5,秋田県,8264.372025,6357.728778
15,新潟県,6,山形県,9314.693553,7063.152526
15,新潟県,7,福島県,16058.86337,11371.98037
15,新潟県,8,茨城県,25852.65095,17174.25956
15,新潟県,9,栃木県,17367.1586,12173.23381
15,新潟県,10,群馬県,17413.22534,12201.27745
15,新潟県,11,埼玉県,67552.25829,38903.30809
15,新潟県,12,千葉県,57592.63047,34013.18249
15,新潟県,13,東京都,130626.8301,67298.56318
15,新潟県,14,神奈川県,84993.12367,47150.63349
15,新潟県,15,新潟県,19338.81481,5801.644441
15,新潟県,16,富山県,9185.706699,6977.135049
15,新潟県,17,石川県,10116.25472,7594.089091
15,新潟県,18,福井県,6808.66324,5359.297859
15,新潟県,19,山梨県,7287.75727,5690.789297
15,新潟県,20,長野県,18306.91997,12743.13933
15,新潟県,21,岐阜県,17652.77235,12346.92421
15,新潟県,22,静岡県,32495.47395,20903.11579
15,新潟県,23,愛知県,68731.56667,39472.9726
15,新潟県,24,三重県,15764.03627,11190.08891
15,新潟県,25,滋賀県,12917.11213,9406.031304
15,新潟県,26,京都府,23217.63378,15653.53446
15,新潟県,27,大阪府,80681.27739,45145.26815
15,新潟県,28,兵庫県,49171.63155,29755.39684
15,新潟県,29,奈良県,11839.15056,8716.043949
15,新潟県,30,和歌山県,8107.74513,6251.516863
15,新潟県,31,鳥取県,4892.287118,3999.71559
15,新潟県,32,島根県,5914.968606,4732.458029
15,新潟県,33,岡山県,16869.63788,11869.63947
15,新潟県,34,広島県,25005.02305,16687.90071
15,新潟県,35,山口県,11802.29717,8692.299397
15,新潟県,36,徳島県,6311.142516,5011.766444
15,新潟県,37,香川県,8448.63896,6482.334509
15,新潟県,38,愛媛県,11756.23044,8662.603808
15,新潟県,39,高知県,6043.955461,4823.65616
15,新潟県,40,福岡県,46914.3616,28592.38722
15,新潟県,41,佐賀県,7260.11723,5671.745485
15,新潟県,42,長崎県,11535.11012,8519.83252
15,新潟県,43,熊本県,15635.04942,11110.35234
15,新潟県,44,大分県,9996.481212,7515.137025
15,新潟県,45,宮崎県,9517.387181,7197.99151
15,新潟県,46,鹿児島県,14114.8472,10162.98939
16,富山県,1,北海道,34773.05083,22151.36093
16,富山県,2,青森県,8033.036726,6200.757776
16,富山県,3,岩手県,7895.130517,6106.891799
16,富山県,4,宮城県,15500.65799,11027.17059
16,富山県,5,秋田県,6185.093514,4923.155449
16,富山県,6,山形県,6971.15891,5472.067985
16,富山県,7,福島県,12018.52619,8831.465068
16,富山県,8,茨城県,19348.24125,13369.45509
16,富山県,9,栃木県,12997.66028,9457.24756
16,富山県,10,群馬県,13032.13684,9479.155294
16,富山県,11,埼玉県,50556.41655,30464.12745
16,富山県,12,千葉県,43102.5859,26605.48623
16,富山県,13,東京都,97761.7122,52974.58107
16,富山県,14,神奈川県,63609.23931,36984.67894
16,富山県,15,新潟県,14473.25673,10387.64455
16,富山県,16,富山県,6874.624563,2062.387369
16,富山県,17,石川県,7571.050923,5885.426895
16,富山県,18,福井県,5095.634456,4146.861254
16,富山県,19,山梨県,5454.190601,4404.516305
16,富山県,20,長野県,13700.98195,9902.530251
16,富山県,21,岐阜県,13211.41491,9592.940665
16,富山県,22,静岡県,24319.76012,16292.77534
16,富山県,23,愛知県,51439.01629,30914.01244
16,富山県,24,三重県,11797.87626,8689.450301
16,富山県,25,滋賀県,9667.225314,7297.41321
16,富山県,26,京都府,17376.18245,12178.72806
16,富山県,27,大阪府,60382.234,35397.76621
16,富山県,28,兵庫県,36800.27211,23250.81061
16,富山県,29,奈良県,8860.473986,6759.501492
16,富山県,30,和歌山県,6067.873235,4840.538834
16,富山県,31,鳥取県,3661.409873,3091.082292
16,富山県,32,島根県,4426.789338,3659.888413
16,富山県,33,岡山県,12625.31352,9220.102926
16,富山県,34,広島県,18713.87268,12988.53859
16,富山県,35,山口県,8832.892744,6740.995165
16,富山県,36,徳島県,4723.287689,3876.833912
16,富山県,37,香川県,6322.999724,5020.089926
16,富山県,38,愛媛県,8798.416191,6717.851106
16,富山県,39,高知県,4523.323685,3730.716796
16,富山県,40,福岡県,35110.92104,22335.34139
16,富山県,41,佐賀県,5433.50467,4389.711983
16,富山県,42,長崎県,8632.928739,6606.585647
16,富山県,43,熊本県,11701.34191,8627.199803
16,富山県,44,大分県,7481.411887,5823.947472
16,富山県,45,宮崎県,7122.855741,5577.028974
16,富山県,46,鹿児島県,10563.61568,7887.837467
17,石川県,1,北海道,27085.5644,17877.14535
17,石川県,2,青森県,6257.125228,4973.821562
17,石川県,3,岩手県,6149.706769,4898.23667
17,石川県,4,宮城県,12073.83477,8867.00407
17,石川県,5,秋田県,4817.717879,3945.562695
17,石川県,6,山形県,5430.003095,4387.20529
17,石川県,7,福島県,9361.518689,7094.33801
17,石川県,8,茨城県,15070.80978,10760.39065
17,石川県,9,栃木県,10124.18975,7599.315059
17,石川県,10,群馬県,10151.04436,7616.997126
17,石川県,11,埼玉県,39379.60701,24634.89928
17,石川県,12,千葉県,33573.63931,21495.78435
17,石川県,13,東京都,76148.94548,43014.45962
17,石川県,14,神奈川県,49546.76414,29947.73942
17,石川県,15,新潟県,11273.56726,8350.457198
17,石川県,16,富山県,5354.810174,4333.326126
17,石川県,17,石川県,5897.273391,1769.182017
17,石川県,18,福井県,3969.112054,3321.372125
17,石川県,19,山梨県,4248.400047,3528.488944
17,石川県,20,長野県,10672.02389,7958.755622
17,石川県,21,岐阜県,10290.68836,7708.83884
17,石川県,22,静岡県,18943.24522,13126.49392
17,石川県,23,愛知県,40067.08515,25001.13625
17,石川県,24,三重県,9189.649154,6979.766613
17,石川県,25,滋賀県,7530.033965,5857.307384
17,石川県,26,京都府,13534.72582,9797.577661
17,石川県,27,大阪府,47033.17221,28653.84697
17,石川県,28,兵庫県,28664.61574,18769.8484
17,石川県,29,奈良県,6901.635981,5423.863027
17,石川県,30,和歌山県,4726.412189,3879.110766
17,石川県,31,鳥取県,2851.960082,2473.308087
17,石川県,32,島根県,3448.132529,2930.07571
17,石川県,33,岡山県,9834.159907,7407.927254
17,石川県,34,広島県,14576.68487,10452.32168
17,石川県,35,山口県,6880.152289,5408.953919
17,石川県,36,徳島県,3679.082216,3104.371188
17,石川県,37,香川県,4925.136338,4023.537715
17,石川県,38,愛媛県,6853.297674,5390.308849
17,石川県,39,高知県,3523.32545,2986.974937
17,石川県,40,福岡県,27348.73962,18026.5047
17,石川県,41,佐賀県,4232.287279,3516.586938
17,石川県,42,長崎県,6724.395524,5300.676997
17,石川県,43,熊本県,9114.456233,6929.548907
17,石川県,44,大分県,5827.451392,4670.433256
17,石川県,45,宮崎県,5548.163399,4471.679396
17,石川県,46,鹿児島県,8228.253948,6333.260798
18,福井県,1,北海道,22369.22558,15158.1823
18,福井県,2,青森県,5167.588301,4198.747809
18,福井県,3,岩手県,5078.874339,4134.762004
18,福井県,4,宮城県,9971.449357,7498.61994
18,福井県,5,秋田県,3978.821207,3328.601962
18,福井県,6,山形県,4484.490792,3702.247677
18,福井県,7,福島県,7731.42181,5995.175152
18,福井県,8,茨城県,12446.5689,9105.904633
18,福井県,9,栃木県,8361.290942,6423.314299
18,福井県,10,群馬県,8383.469433,6438.308012
18,福井県,11,埼玉県,32522.53856,20918.03308
18,福井県,12,千葉県,27727.5489,18241.08093
18,福井県,13,東京都,62889.32784,36631.98884
18,福井県,14,神奈川県,40919.31509,25453.6353
18,福井県,15,新潟県,9310.530338,7060.378783
18,福井県,16,富山県,4422.391018,3656.656731
18,福井県,17,石川県,4870.396528,3983.829354
18,福井県,18,福井県,3277.980905,983.394272
18,福井県,19,山梨県,3508.637207,2975.871907
18,福井県,20,長野県,8813.73215,6728.134219
18,福井県,21,岐阜県,8498.797584,6516.188577
18,福井県,22,静岡県,15644.70724,11116.32596
18,福井県,23,愛知県,33090.30792,21230.49697
18,福井県,24,三重県,7589.479471,5898.054071
18,福井県,25,滋賀県,6218.848754,4946.907978
18,福井県,26,京都府,11177.95924,8288.402657
18,福井県,27,大阪府,38843.40837,24348.48681
18,福井県,28,兵庫県,23673.32083,15918.40732
18,福井県,29,奈良県,5699.872075,4579.798616
18,福井県,30,和歌山県,3903.414339,3272.393166
18,福井県,31,鳥取県,2355.355698,2084.116852
18,福井県,32,島根県,2847.718188,2470.019565
18,福井県,33,岡山県,8121.763244,6261.034103
18,福井県,34,広島県,12038.48468,8844.292259
18,福井県,35,山口県,5682.129282,4567.173129
18,福井県,36,徳島県,3038.453207,2617.324403
18,福井県,37,香川県,4067.535169,3394.56171
18,福井県,38,愛媛県,5659.950792,4551.384097
18,福井県,39,高知県,2909.817962,2518.104699
18,福井県,40,福岡県,22586.57479,15285.36176
18,福井県,41,佐賀県,3495.330113,2965.808019
18,福井県,42,長崎県,5553.494037,4475.484829
18,福井県,43,熊本県,7527.379697,5855.487022
18,福井県,44,大分県,4812.732452,3941.938459
18,福井県,45,宮崎県,4582.07615,3773.731073
18,福井県,46,鹿児島県,6795.489508,5350.139911
19,山梨県,1,北海道,23489.72736,15811.7897
19,山梨県,2,青森県,5426.439099,4384.653699
19,山梨県,3,岩手県,5333.281346,4317.881899
19,山梨県,4,宮城県,10470.93141,7827.124385
19,山梨県,5,秋田県,4178.125212,3476.537569
19,山梨県,6,山形県,4709.124402,3866.510595
19,山梨県,7,福島県,8118.698153,6258.953328
19,山梨県,8,茨城県,13070.03271,9503.226113
19,山梨県,9,栃木県,8780.118198,6705.562641
19,山梨県,10,群馬県,8803.407636,6721.202624
19,山梨県,11,埼玉県,34151.63216,21812.18863
19,山梨県,12,千葉県,29116.45563,19023.79884
19,山梨県,13,東京都,66039.53094,38169.80631
19,山梨県,14,神奈川県,42969.01346,26535.31375
19,山梨県,15,新潟県,9776.906153,7370.053737
19,山梨県,16,富山県,4643.913975,3818.929336
19,山梨県,17,石川県,5114.360627,4160.373812
19,山梨県,18,福井県,3442.178965,2925.564183
19,山梨県,19,山梨県,3684.389122,1105.316737
19,山梨県,20,長野県,9255.222737,7023.513783
19,山梨県,21,岐阜県,8924.512715,6802.439449
19,山梨県,22,静岡県,16428.3697,11599.24214
19,山梨県,23,愛知県,34747.84178,22137.62177
19,山梨県,24,三重県,7969.645749,6157.637946
19,山梨県,25,滋賀県,6530.358469,5165.323394
19,山梨県,26,京都府,11737.87685,8650.768071
19,山梨県,27,大阪府,40789.12205,25384.61474
19,山梨県,28,兵庫県,24859.14633,16603.93406
19,山梨県,29,奈良県,5985.385615,4782.277006
19,山梨県,30,和歌山県,4098.941122,3417.86947
19,山梨県,31,鳥取県,2473.338336,2177.38482
19,山梨県,32,島根県,2990.363864,2580.291682
19,山梨県,33,岡山県,8528.592266,6536.285292
19,山梨県,34,広島県,12641.50705,9230.437269
19,山梨県,35,山口県,5966.754065,4769.10292
19,山梨県,36,徳島県,3190.653032,2734.074062
19,山梨県,37,香川県,4271.282964,3545.382188
19,山梨県,38,愛媛県,5943.464626,4752.627779
19,山梨県,39,高知県,3055.574291,2630.492065
19,山梨県,40,福岡県,23717.96385,15944.31286
19,山梨県,41,佐賀県,3670.415459,3097.855112
19,山梨県,42,長崎県,5831.675323,4673.429583
19,山梨県,43,熊本県,7904.435322,6113.232056
19,山梨県,44,大分県,5053.808087,4116.656988
19,山梨県,45,宮崎県,4811.59793,3941.113634
19,山梨県,46,鹿児島県,7135.883862,5586.02934
20,長野県,1,北海道,60426.53134,35419.65545
20,長野県,2,青森県,13959.33155,10065.25103
20,長野県,3,岩手県,13719.68638,9914.326137
20,長野県,4,宮城県,26936.11788,17792.22561
20,長野県,5,秋田県,10748.08618,8008.453251
20,長野県,6,山形県,12114.06369,8892.838847
20,長野県,7,福島県,20885.07716,14284.452
20,長野県,8,茨城県,33622.21831,21522.41246
20,長野県,9,栃木県,22586.55792,15285.3519
20,長野県,10,群馬県,22646.46921,15320.3744
20,長野県,11,埼玉県,87853.92183,48469.96267
20,長野県,12,千葉県,74901.10002,42423.5048
20,長野県,13,東京都,169884.4659,83414.71793
20,長野県,14,神奈川県,110536.3378,58647.22358
20,長野県,15,新潟県,25150.76131,16771.70943
20,長野県,16,富山県,11946.31207,8785.02798
20,長野県,17,石川県,13156.52021,9558.12367
20,長野県,18,福井県,8854.889285,6755.754936
20,長野県,19,山梨県,9477.966744,7171.799031
20,長野県,20,長野県,23808.74832,7142.624496
20,長野県,21,岐阜県,22958.00794,15502.25709
20,長野県,22,静岡県,42261.42694,26162.94173
20,長野県,23,愛知県,89387.65096,49173.73126
20,長野県,24,三重県,20501.64488,14057.17089
20,長野県,25,滋賀県,16799.1269,11826.50429
20,長野県,26,京都府,30195.29228,19627.55221
20,長野県,27,大阪府,104928.6407,56174.82261
20,長野県,28,兵庫県,63949.31544,37151.02346
20,長野県,29,奈良県,15397.20261,10963.06373
20,長野県,30,和歌山県,10544.38778,7875.248357
20,長野県,31,鳥取県,6362.579445,5047.859168
20,長野県,32,島根県,7692.610177,5968.643118
20,長野県,33,岡山県,21939.51594,14906.16856
20,長野県,34,広島県,32519.8505,20916.55158
20,長野県,35,山口県,15349.27358,10933.3425
20,長野県,36,徳島県,8207.847307,6319.429991
20,長野県,37,香川県,10987.73136,8164.710402
20,長野県,38,愛媛県,15289.36228,10896.17158
20,長野県,39,高知県,7860.361801,6083.191596
20,長野県,40,福岡県,61013.66203,35709.50071
20,長野県,41,佐賀県,9442.019968,7147.901433
20,長野県,42,長崎県,15001.78807,10717.44886
20,長野県,43,熊本県,20333.89326,13957.52855
20,長野県,44,大分県,13000.75084,9459.211765
20,長野県,45,宮崎県,12377.67338,9061.825011
20,長野県,46,鹿児島県,18356.82055,12773.27464
21,岐阜県,1,北海道,56536.17819,33485.61056
21,岐阜県,2,青森県,13060.60829,9497.240824
21,岐阜県,3,岩手県,12836.39184,9354.65921
21,岐阜県,4,宮城県,25201.92912,16801.1157
21,岐阜県,5,秋田県,10056.10784,7554.458003
21,岐阜県,6,山形県,11334.14161,8389.734421
21,岐阜県,7,福島県,19540.46373,13484.49717
21,岐阜県,8,茨城県,31457.56811,20329.46792
21,岐阜県,9,栃木県,21132.40053,14430.70942
21,岐阜県,10,群馬県,21188.45465,14463.8205
21,岐阜県,11,埼玉県,82197.75104,45852.91555
21,岐阜県,12,千葉県,70078.85185,40121.50048
21,岐阜県,13,東京都,158947.0423,79018.0214
21,岐阜県,14,神奈川県,103419.8382,55504.95014
21,岐阜県,15,新潟県,23531.51656,15836.06938
21,岐阜県,16,富山県,11177.1901,8287.903136
21,岐阜県,17,石川県,12309.48318,9018.161891
21,岐阜県,18,福井県,8284.797875,6371.559714
21,岐阜県,19,山梨県,8867.760648,6764.38934
21,岐阜県,20,長野県,22275.90443,15103.51693
21,岐阜県,21,岐阜県,21479.93603,6443.98081
21,岐阜県,22,静岡県,39540.57118,24720.74731
21,岐阜県,23,愛知県,83632.73633,46520.1648
21,岐阜県,24,三重県,19181.71741,13269.65118
21,岐阜県,25,滋賀県,15717.57324,11161.37781
21,岐阜県,26,京都府,28251.27286,18536.9607
21,岐阜県,27,大阪府,98173.17319,53159.58634
21,岐阜県,28,兵庫県,59832.16002,35125.70083
21,岐阜県,29,奈良県,14405.907,10345.49193
21,岐阜県,30,和歌山県,9865.523856,7428.661573
21,岐阜県,31,鳥取県,5952.946781,4759.336546
21,岐阜県,32,島根県,7197.348086,5628.461911
21,岐阜県,33,岡山県,20527.01612,14072.23005
21,岐阜県,34,広島県,30426.17244,19756.29522
21,岐阜県,35,山口県,14361.0637,10317.4095
21,岐阜県,36,徳島県,7679.413456,5959.617602
21,岐阜県,37,香川県,10280.32429,7702.028575
21,岐阜県,38,愛媛県,14305.00959,10282.28833
21,岐阜県,39,高知県,7354.299602,5736.597029
21,岐阜県,40,福岡県,57085.5085,33760.1602
21,岐阜県,41,佐賀県,8834.12818,6741.824282
21,岐阜県,42,長崎県,14035.94985,10113.42386
21,岐阜県,43,熊本県,19024.76589,13175.46252
21,岐阜県,44,大分県,12163.74248,8924.725315
21,岐阜県,45,宮崎県,11580.77971,8549.351842
21,岐阜県,46,鹿児島県,17174.98017,12056.12136
22,静岡県,1,北海道,164994.7236,81457.37749
22,静岡県,2,青森県,38115.97323,23958.83365
22,静岡県,3,岩手県,37461.62176,23607.23685
22,静岡県,4,宮城県,73549.10543,41781.06602
22,静岡県,5,秋田県,29347.66351,19153.4958
22,静岡県,6,山形県,33077.4669,21223.44006
22,静岡県,7,福島県,57026.73076,33730.80703
22,静岡県,8,茨城県,91805.51149,50278.28955
22,静岡県,9,栃木県,61672.62621,36034.18841
22,静岡県,10,群馬県,61836.21408,36114.69144
22,静岡県,11,埼玉県,239885.2495,110166.5963
22,静岡県,12,千葉県,204517.5525,96926.96661
22,静岡県,13,東京都,463869.7583,184872.8387
22,静岡県,14,神奈川県,301819.6163,132228.934
22,静岡県,15,新潟県,68674.18696,39445.29872
22,静岡県,16,富山県,32619.42087,20971.41502
22,静岡県,17,石川県,35923.8958,22776.80952
22,静岡県,18,福井県,24178.28688,16210.98158
22,静岡県,19,山梨県,25879.60071,17189.6806
22,静岡県,20,長野県,65009.81872,37668.69203
22,静岡県,21,岐阜県,62686.87099,36532.6674
22,静岡県,22,静岡県,115394.882,34618.46461
22,静岡県,23,愛知県,244073.099,111701.0129
22,静岡県,24,三重県,55979.76841,33207.02177
22,静岡県,25,滋賀県,45870.03817,28050.96771
22,静岡県,26,京都府,82448.28544,45969.57578
22,静岡県,27,大阪府,286507.7919,126893.8292
22,静岡県,28,兵庫県,174613.6902,85295.47397
22,静岡県,29,奈良県,42042.08206,26047.28948
22,静岡県,30,和歌山県,28791.46476,18841.20791
22,静岡県,31,鳥取県,17373.03158,12176.80967
22,静岡県,32,島根県,21004.68224,14355.21526
22,静岡県,33,岡山県,59905.87724,35162.18812
22,静岡県,34,広島県,88795.49472,48902.30319
22,静岡県,35,山口県,41911.21177,25978.23638
22,静岡県,36,徳島県,22411.53791,15182.95606
22,静岡県,37,香川県,30002.01498,19519.65234
22,静岡県,38,愛媛県,41747.6239,25891.8671
22,静岡県,39,高知県,21462.72827,14625.63735
22,静岡県,40,福岡県,166597.8847,82100.56601
22,静岡県,41,佐賀県,25781.44799,17133.50375
22,静岡県,42,長崎県,40962.40213,25476.46907
22,静岡県,43,熊本県,55521.72238,32977.3009
22,静岡県,44,大分県,35498.56734,22546.05792
22,静岡県,45,宮崎県,33797.25352,21618.3028
22,静岡県,46,鹿児島県,50123.32274,30242.85057
23,愛知県,1,北海道,481284.7319,190180.6977
23,愛知県,2,青森県,111183.1673,58930.69653
23,愛知県,3,岩手県,109274.4434,58093.19369
23,愛知県,4,宮城県,214540.5666,100732.2965
23,愛知県,5,秋田県,85606.26701,47434.13629
23,愛知県,6,山形県,96485.99325,52399.96303
23,愛知県,7,福島県,166345.2881,81999.31879
23,愛知県,8,茨城県,267793.9635,120270.6058
23,愛知県,9,栃木県,179897.2278,87382.7422
23,愛知県,10,群馬県,180374.4087,87570.54351
23,愛知県,11,埼玉県,699738.1825,252397.2082
23,愛知県,12,千葉県,596571.6556,223944.1154
23,愛知県,13,東京都,1353094.374,405928.3122
23,愛知県,14,神奈川県,880398.8998,298949.237
23,愛知県,15,新潟県,200320.5735,95320.23746
23,愛知県,16,富山県,95149.88652,51796.47969
23,愛知県,17,石川県,104788.9422,56112.88414
23,愛知県,18,福井県,70527.34818,40336.85699
23,愛知県,19,山梨県,75490.03032,42702.64702
23,愛知県,20,長野県,189631.7197,91191.25828
23,愛知県,21,岐阜県,182855.7498,88545.24399
23,愛知県,22,静岡県,336603.4601,144088.2553
23,愛知県,23,愛知県,711954.0154,213586.2046
23,愛知県,24,三重県,163291.3298,80772.40411
23,愛知県,25,滋賀県,133801.5455,68638.40909
23,愛知県,26,京都府,240499.2117,110391.9685
23,愛知県,27,大阪府,835734.7605,287788.3089
23,愛知県,28,兵庫県,509342.9733,198611.3204
23,愛知県,29,奈良県,122635.5107,63894.09256
23,愛知県,30,和歌山県,83983.85169,46683.08219
23,愛知県,31,鳥取県,50676.6196,30525.48108
23,愛知県,32,島根県,61270.03725,35835.9005
23,愛知県,33,岡山県,174743.6732,85346.99868
23,愛知県,34,広島県,259013.8335,117122.1296
23,愛知県,35,山口県,122253.7659,63730.28566
23,愛知県,36,徳島県,65373.79364,37845.99247
23,愛知県,37,香川県,87514.99091,48314.10944
23,愛知県,38,愛媛県,121776.5849,63525.37268
23,愛知県,39,高知県,62606.14399,36493.0475
23,愛知県,40,福岡県,485961.1055,191596.0277
23,愛知県,41,佐賀県,75203.72174,42566.995
23,愛知県,42,長崎県,119486.1163,62539.38248
23,愛知県,43,熊本県,161955.2231,80233.98138
23,愛知県,44,大分県,103548.2717,55562.05006
23,愛知県,45,宮崎県,98585.58954,53344.86187
23,愛知県,46,鹿児島県,146208.2509,73809.45139
24,三重県,1,北海道,102569.567,55126.55915
24,三重県,2,青森県,23694.93269,15930.94926
24,三重県,3,岩手県,23288.15273,15694.57777
24,三重県,4,宮城県,45722.06754,27974.07787
24,三重県,5,秋田県,18244.08122,12705.17276
24,三重県,6,山形県,20562.72699,14093.42145
24,三重県,7,福島県,35450.87354,22520.15366
24,三重県,8,茨城県,57071.22843,33753.02935
24,三重県,9,栃木県,38339.01126,24078.43947
24,三重県,10,群馬県,38440.70625,24132.93449
24,三重県,11,埼玉県,149125.5334,75010.966
24,三重県,12,千葉県,127139.0766,65818.40895
24,三重県,13,東京都,288366.3138,127545.3332
24,三重県,14,神奈川県,187627.2567,90410.87393
24,三重県,15,新潟県,42691.55683,26389.42921
24,三重県,16,富山県,20277.98102,13924.28913
24,三重県,17,石川県,22332.21982,15136.50947
24,三重県,18,福井県,15030.51953,10735.32766
24,三重県,19,山梨県,16088.14743,11390.01961
24,三重県,20,長野県,40413.58905,25185.31488
24,三重県,21,岐阜県,38969.52019,24415.91084
24,三重県,22,静岡県,71735.64599,40915.74903
24,三重県,23,愛知県,151728.9252,76078.76203
24,三重県,24,三重県,34800.0256,10440.00768
24,三重県,25,滋賀県,28515.27522,18685.76994
24,三重県,26,京都府,51254.27499,30819.96096
24,三重県,27,大阪府,178108.6056,86677.76533
24,三重県,28,兵庫県,108549.2324,57774.18662
24,三重県,29,奈良県,26135.61245,17336.04575
24,三重県,30,和歌山県,17898.31825,12495.90781
24,三重県,31,鳥取県,10800.00795,8042.349447
24,三重県,32,島根県,13057.63673,9495.353506
24,三重県,33,岡山県,37240.70536,23488.29717
24,三重県,34,広島県,55200.04061,32815.76217
24,三重県,35,山口県,26054.25646,17289.55863
24,三重県,36,徳島県,13932.21364,10048.19171
24,三重県,37,香川県,18650.86118,12950.59536
24,三重県,38,愛媛県,25952.56147,17231.41684
24,三重県,39,高知県,13342.3827,9675.922423
24,三重県,40,福岡県,103566.1779,55570.00977
24,三重県,41,佐賀県,16027.13044,11352.42705
24,三重県,42,長崎県,25464.42551,16951.82308
24,三重県,43,熊本県,34515.27963,22010.79371
24,三重県,44,大分県,22067.81285,14981.49186
24,三重県,45,宮崎県,21010.18495,14358.46937
24,三重県,46,鹿児島県,31159.34496,20164.06225
25,滋賀県,1,北海道,76371.48352,43119.65055
25,滋賀県,2,青森県,17642.82735,12340.88354
25,滋賀県,3,岩手県,17339.94619,12156.66267
25,滋賀県,4,宮城県,34043.84195,21753.25099
25,滋賀県,5,秋田県,13584.21985,9828.841334
25,滋賀県,6,山形県,15310.64244,10909.37695
25,滋賀県,7,福島県,26396.09276,17484.72873
25,滋賀県,8,茨城県,42494.22621,26285.57335
25,滋賀県,9,栃木県,28546.54897,18703.38296
25,滋賀県,10,群馬県,28622.26926,18746.01469
25,滋賀県,11,埼玉県,111036.2318,58866.33256
25,滋賀県,12,千葉県,94665.50536,51577.27251
25,滋賀県,13,東京都,214712.4516,100797.1725
25,滋賀県,14,神奈川県,139703.9333,71111.12373
25,滋賀県,15,新潟県,31787.37734,20512.08945
25,滋賀県,16,富山県,15098.62563,10777.68803
25,滋賀県,17,石川県,16628.17547,11721.81121
25,滋賀県,18,福井県,11191.45872,8297.169064
25,滋賀県,19,山梨県,11978.94973,8806.020496
25,滋賀県,20,長野県,30091.24286,19569.4793
25,滋賀県,21,岐阜県,29016.01476,18967.40357
25,滋賀県,22,静岡県,53413.09189,31915.24121
25,滋賀県,23,愛知県,112974.6712,59714.02079
25,滋賀県,24,三重県,25911.48291,17207.92072
25,滋賀県,25,滋賀県,21231.96905,6369.590714
25,滋賀県,26,京都府,38163.02568,23984.07586
25,滋賀県,27,大阪府,132616.5142,68139.10257
25,滋賀県,28,兵庫県,80823.83652,45211.90292
25,滋賀県,29,奈良県,19460.11428,13436.43058
25,滋賀県,30,和歌山県,13326.77087,9666.036937
25,滋賀県,31,鳥取県,8041.494696,6206.507568
25,滋賀県,32,島根県,9722.485112,7334.025461
25,滋賀県,33,岡山県,27728.76985,18241.77176
25,滋賀県,34,広島県,41100.97289,25549.87571
25,滋賀県,35,山口県,19399.53805,13400.17253
25,滋賀県,36,徳島県,10373.6796,7763.338115
25,滋賀県,37,香川県,13887.10101,10019.8015
25,滋賀県,38,愛媛県,19323.81776,13354.82547
25,滋賀県,39,高知県,9934.501922,7474.229871
25,滋賀県,40,福岡県,77113.54236,43469.982
25,滋賀県,41,佐賀県,11933.51755,8776.796321
25,滋賀県,42,長崎県,18960.36038,13136.77749
25,滋賀県,43,熊本県,25699.4661,17086.55578
25,滋賀県,44,大分県,16431.30272,11601.04299
25,滋賀県,45,宮崎県,15643.81172,11115.77207
25,滋賀県,46,鹿児島県,23200.69656,15643.67375
26,京都府,1,北海道,53961.15941,32192.0129
26,京都府,2,青森県,12465.74474,9118.167153
26,京都府,3,岩手県,12251.74054,8981.161311
26,京都府,4,宮城県,24054.07225,16139.1032
26,京都府,5,秋田県,9598.088438,7251.565767
26,京都府,6,山形県,10817.91239,8054.032708
26,京都府,7,福島県,18650.46616,12950.35743
26,京都府,8,茨城県,30024.78947,19532.37247
26,京都府,9,栃木県,20169.89599,13859.99311
26,京都府,10,群馬県,20223.39704,13891.82567
26,京都府,11,埼玉県,78453.94027,44101.13199
26,京都府,12,千葉県,66887.01318,38581.12771
26,京都府,13,東京都,151707.5785,76070.02336
26,京都府,14,神奈川県,98709.43795,53400.46897
26,京都府,15,新潟県,22459.74095,15211.16987
26,京都府,16,富山県,10668.10945,7956.196655
26,京都府,17,石川県,11748.83066,8657.832209
26,京都府,18,福井県,7907.455246,6115.289602
26,京都府,19,山梨県,8463.86617,6492.614854
26,京都府,20,長野県,21261.31742,14506.84002
26,京都府,21,岐阜県,20501.60251,14057.14573
26,京都府,22,静岡県,37739.64094,23756.74989
26,京都府,23,愛知県,79823.56716,44743.86761
26,京都府,24,三重県,18308.05944,12743.82761
26,京都府,25,滋賀県,15001.69453,10717.39064
26,京都府,26,京都府,26964.52939,8089.358817
26,京都府,27,大阪府,93701.73963,51140.43965
26,京都府,28,兵庫県,57107.02117,33770.90209
26,京都府,29,奈良県,13749.76995,9933.293326
26,京都府,30,和歌山県,9416.184866,7130.71835
26,京都府,31,鳥取県,5681.81155,4566.94699
26,京都府,32,島根県,6869.534868,5401.583434
26,京都府,33,岡山県,19592.08465,13515.36175
26,京都府,34,広島県,29040.37015,18981.0815
26,京都府,35,山口県,13706.96911,9906.306287
26,京都府,36,徳島県,7329.643902,5719.630538
26,京都府,37,香川県,9812.092639,7393.333339
26,京都府,38,愛媛県,13653.46806,9872.555183
26,京都府,39,高知県,7019.337809,5505.436202
26,京都府,40,福岡県,54485.4697,32456.30766
26,京都府,41,佐賀県,8431.765539,6470.939807
26,京都府,42,長崎県,13396.66301,9710.279913
26,京都府,43,熊本県,18158.2565,12653.28608
26,京都府,44,大分県,11609.72793,8568.054432
26,京都府,45,宮崎県,11053.31701,8207.390268
26,京都府,46,鹿児島県,16392.72184,11577.35084
27,大阪府,1,北海道,159766.603,79349.81761
27,大阪府,2,青森県,36908.2079,23309.05546
27,大阪府,3,岩手県,36274.5906,22966.72153
27,大阪府,4,宮城県,71218.58486,40668.25768
27,大阪府,5,秋田県,28417.73604,18630.81671
27,大阪府,6,山形県,32029.35467,20645.87629
27,大阪府,7,福島県,55219.74796,32825.66355
27,大阪府,8,茨城県,88896.50761,48948.63036
27,大阪府,9,栃木県,59718.43081,35069.39268
27,大阪府,10,群馬県,59876.83514,35147.81435
27,大阪府,11,埼玉県,232284.1033,107364.2803
27,大阪府,12,千葉県,198037.0881,94442.66155
27,大阪府,13,東京都,449171.3061,180346.1883
27,大阪府,14,神奈川県,292255.981,128905.2938
27,大阪府,15,新潟県,66498.13595,38392.51151
27,大阪府,16,富山県,31585.82256,20400.52244
27,大阪府,17,石川県,34785.58994,22158.19423
27,大阪府,18,福井県,23412.15935,15766.70425
27,大阪府,19,山梨県,25059.56434,16719.27453
27,大阪府,20,長野県,62949.87906,36661.68244
27,大阪府,21,岐阜県,60700.53763,35554.98752
27,大阪府,22,静岡県,111738.4114,59173.75582
27,大阪府,23,愛知県,236339.254,108862.0959
27,大阪府,24,三重県,54205.96027,32315.4704
27,大阪府,25,滋賀県,44416.57294,27293.77847
27,大阪府,26,京都府,79835.78018,44749.58913
27,大阪府,27,大阪府,277429.3361,83228.80084
27,大阪府,28,兵庫県,169080.7773,83093.90502
27,大阪府,29,奈良県,40709.91172,25342.60345
27,大阪府,30,和歌山県,27879.16133,18326.82783
27,大阪府,31,鳥取県,16822.5394,11840.82993
27,大阪府,32,島根県,20339.11543,13960.63237
27,大阪府,33,岡山県,58007.66409,34219.95241
27,大阪府,34,広島県,85981.86802,47607.60536
27,大阪府,35,山口県,40583.18826,25275.36281
27,大阪府,36,徳島県,21701.39263,14766.18266
27,大阪府,37,香川県,29051.35334,18987.24903
27,大阪府,38,愛媛県,40424.78393,25191.26077
27,大阪府,39,高知県,20782.64754,14223.80033
27,大阪府,40,福岡県,161318.9654,79977.22686
27,大阪府,41,佐賀県,24964.52174,16664.59603
27,大阪府,42,長崎県,39664.44317,24786.77164
27,大阪府,43,熊本県,53762.42816,32091.71398
27,大阪府,44,大分県,34373.73869,21933.53364
27,大阪府,45,宮崎県,32726.3337,21030.29302
27,大阪府,46,鹿児島県,48535.08541,29428.41526
28,兵庫県,1,北海道,153731.6815,76897.40187
28,兵庫県,2,青森県,35514.06086,22554.47175
28,兵庫県,3,岩手県,34904.37741,22222.90793
28,兵庫県,4,宮城県,68528.41958,39374.97615
28,兵庫県,5,秋田県,27344.30265,18023.98854
28,兵庫県,6,山形県,30819.49831,19975.25019
28,兵庫県,7,福島県,53133.91251,31774.05817
28,兵庫県,8,茨城県,85538.58778,47402.86294
28,兵庫県,9,栃木県,57462.66499,33948.37713
28,兵庫県,10,群馬県,57615.08585,34024.3768
28,兵庫県,11,埼玉県,223509.9521,104100.9894
28,兵庫県,12,千葉県,190556.5617,91550.66214
28,兵庫県,13,東京都,432204.5964,175065.8322
28,兵庫県,14,神奈川県,281216.4905,125032.8641
28,兵庫県,15,新潟県,63986.27789,37169.09319
28,兵庫県,16,富山県,30392.71989,19737.65148
28,兵庫県,17,石川県,33471.62131,21439.8431
28,兵庫県,18,福井県,22527.80341,15250.99141
28,兵庫県,19,山梨県,24112.98038,16173.19848
28,兵庫県,20,長野県,60572.05058,35491.5418
28,兵庫県,21,岐阜県,58407.67434,34418.97896
28,兵庫県,22,静岡県,107517.6761,57319.65472
28,兵庫県,23,愛知県,227411.9262,105556.0578
28,兵庫県,24,三重県,52158.41899,31279.67915
28,兵庫県,25,滋賀県,42738.80972,26414.28611
28,兵庫県,26,京都府,76820.11447,43331.53145
28,兵庫県,27,大阪府,266949.8978,119969.0967
28,兵庫県,28,兵庫県,162694.0281,48808.20844
28,兵庫県,29,奈良県,39172.16155,24524.17174
28,兵庫県,30,和歌山県,26826.07172,17729.64549
28,兵庫県,31,鳥取県,16187.09555,11450.93627
28,兵庫県,32,島根県,19570.83869,13502.66013
28,兵庫県,33,岡山県,55816.51968,33125.18841
28,兵庫県,34,広島県,82734.04392,46102.5524
28,兵庫県,35,山口県,39050.22486,24459.0388
28,兵庫県,36,徳島県,20881.6581,14282.42821
28,兵庫県,37,香川県,27953.9861,18369.1182
28,兵庫県,38,愛媛県,38897.80399,24377.57333
28,兵庫県,39,高知県,19997.6171,13757.40005
28,兵庫県,40,福岡県,155225.4059,77506.40619
28,兵庫県,41,佐賀県,24021.52786,16120.26122
28,兵庫県,42,長崎県,38166.18386,23985.76993
28,兵庫県,43,熊本県,51731.64058,31062.86207
28,兵庫県,44,大分県,33075.32706,21222.26405
28,兵庫県,45,宮崎県,31490.1501,20347.52329
28,兵庫県,46,鹿児島県,46701.75213,28482.33692
29,奈良県,1,北海道,17067.50683,11990.54154
29,奈良県,2,青森県,3942.820831,3301.7836
29,奈良県,3,岩手県,3875.13292,3251.277564
29,奈良県,4,宮城県,7608.121226,5910.823144
29,奈良県,5,秋田県,3035.80282,2615.285223
29,奈良県,6,山形県,3421.623914,2909.98056
29,奈良県,7,福島県,5899.001466,4721.150817
29,奈良県,8,茨城県,9496.61395,7184.19084
29,奈良県,9,栃木県,6379.585636,5059.783789
29,奈良県,10,群馬県,6396.507614,5071.645219
29,奈良県,11,埼玉県,24814.38827,16578.15554
29,奈良県,12,千葉県,21155.85667,14444.56659
29,奈良県,13,東京都,47983.96029,29144.69246
29,奈良県,14,神奈川県,31221.04907,20198.30713
29,奈良県,15,新潟県,7103.846287,5563.892518
29,奈良県,16,富山県,3374.242376,2874.015269
29,奈良県,17,石川県,3716.066328,3132.15652
29,奈良県,18,福井県,2501.068321,2199.229877
29,奈良県,19,山梨県,2677.05689,2337.222526
29,奈良県,20,長野県,6724.793984,5300.954414
29,奈良県,21,岐阜県,6484.501899,5133.258467
29,奈良県,22,静岡県,11936.76315,8778.884574
29,奈良県,23,愛知県,25247.5909,16827.34956
29,奈良県,24,三重県,5790.700808,4644.351595
29,奈良県,25,滋賀県,4744.922579,3892.595578
29,奈良県,26,京都府,8528.676819,6536.342311
29,奈良県,27,大阪府,29637.15195,19315.64922
29,奈良県,28,兵庫県,18062.51912,12595.36249
29,奈良県,29,奈良県,4348.948299,1304.68449
29,奈良県,30,和歌山県,2978.268096,2570.965793
29,奈良県,31,鳥取県,1797.114044,1634.910718
29,奈良県,32,島根県,2172.781951,1938.705207
29,奈良県,33,岡山県,6196.828276,4931.41476
29,奈良県,34,広島県,9185.249558,6976.829901
29,奈良県,35,山口県,4335.410716,3592.664373
29,奈良県,36,徳島県,2318.310961,2054.72117
29,奈良県,37,香川県,3103.490731,2667.297359
29,奈良県,38,愛媛県,4318.488738,3580.196123
29,奈良県,39,高知県,2220.163489,1976.57354
29,奈良県,40,福岡県,17233.34221,12091.70768
29,奈良県,41,佐賀県,2666.903704,2329.291054
29,奈良県,42,長崎県,4237.263245,3520.263132
29,奈良県,43,熊本県,5743.319271,4610.693509
29,奈良県,44,大分県,3672.069186,3099.098607
29,奈良県,45,宮崎県,3496.080617,2966.375734
29,奈良県,46,鹿児島県,5184.894003,4211.213297
30,和歌山県,1,北海道,24899.37812,16627.09933
30,和歌山県,2,青森県,5752.087153,4616.924591
30,和歌山県,3,岩手県,5653.338875,4546.675479
30,和歌山県,4,宮城県,11099.30637,8237.296469
30,和歌山県,5,秋田県,4428.860237,3661.409875
30,和歌山県,6,山形県,4991.725417,4071.766117
30,和歌山県,7,福島県,8605.912367,6588.393613
30,和歌山県,8,茨城県,13854.38331,9999.203214
30,和歌山県,9,栃木県,9307.025135,7058.043307
30,和歌山県,10,群馬県,9331.712205,7074.489428
30,和歌山県,11,埼玉県,36201.11846,22926.96005
30,和歌山県,12,千葉県,30863.77407,19999.86839
30,和歌山県,13,東京都,70002.65378,40084.8859
30,和歌山県,14,神奈川県,45547.6429,27883.38514
30,和歌山県,15,新潟県,10363.6317,7756.743053
30,和歌山県,16,富山県,4922.601623,4021.70027
30,和歌山県,17,石川県,5421.280424,4380.960038
30,和歌山県,18,福井県,3648.748846,3081.55688
30,和歌山県,19,山梨県,3905.494367,3273.94542
30,和歌山県,20,長野県,9810.64135,7392.373386
30,和歌山県,21,岐阜県,9460.084965,7159.912706
30,和歌山県,22,静岡県,17414.2587,12201.9064
30,和歌山県,23,愛知県,36833.10743,23268.53245
30,和歌山県,24,三重県,8447.915123,6481.845763
30,和歌山県,25,滋賀県,6922.254239,5438.165758
30,和歌山県,26,京都府,12442.28294,9103.163482
30,和歌山県,27,大阪府,43236.93322,26676.02735
30,和歌山県,28,兵庫県,26350.9778,17458.99397
30,和歌山県,29,奈良県,6344.576816,5035.231292
30,和歌山県,30,和歌山県,4344.924201,1303.47726
30,和歌山県,31,鳥取県,2621.766762,2293.987692
30,和歌山県,32,島根県,3169.819701,2718.133411
30,和歌山県,33,岡山県,9040.404787,6880.037729
30,和歌山県,34,広島県,13400.14123,9712.480808
30,和歌山県,35,山口県,6324.827161,5021.372562
30,和歌山県,36,徳島県,3382.128498,2880.005511
30,和歌山県,37,香川県,4527.608514,3733.8562
30,和歌山県,38,愛媛県,6300.140092,5004.041165
30,和歌山県,39,高知県,3238.943495,2770.97556
30,和歌山県,40,福岡県,25141.3114,16766.27749
30,和歌山県,41,佐賀県,3890.682126,3262.889325
30,和歌山県,42,長崎県,6181.642159,4920.725882
30,和歌山県,43,熊本県,8378.791329,6435.145841
30,和歌山県,44,大分県,5357.094044,4334.964048
30,和歌山県,45,宮崎県,5100.348523,4150.263458
30,和歌山県,46,鹿児島県,7564.118041,5880.675441
31,鳥取県,1,北海道,8023.735893,6194.434052
31,鳥取県,2,青森県,1853.589593,1681.009446
31,鳥取県,3,岩手県,1821.768312,1655.054804
31,鳥取県,4,宮城県,3576.711935,3027.283158
31,鳥取県,5,秋田県,1427.184433,1328.648893
31,鳥取県,6,山形県,1608.565732,1479.792285
31,鳥取県,7,福島県,2773.224601,2412.172935
31,鳥取県,8,茨城県,4464.525663,3687.598836
31,鳥取県,9,栃木県,2999.155693,2587.067392
31,鳥取県,10,群馬県,3007.111013,2593.196375
31,鳥取県,11,埼玉県,11665.68145,8604.185528
31,鳥取県,12,千葉県,9945.741239,7481.650606
31,鳥取県,13,東京都,22558.10579,15268.71444
31,鳥取県,14,神奈川県,14677.56566,10515.34078
31,鳥取県,15,新潟県,3339.643395,2847.714026
31,鳥取県,16,富山県,1586.290836,1461.336763
31,鳥取県,17,石川県,1746.988303,1593.858374
31,鳥取県,18,福井県,1175.796317,1115.588123
31,鳥取県,19,山梨県,1258.531646,1186.209143
31,鳥取県,20,長野県,3161.444224,2711.721355
31,鳥取県,21,岐阜県,3048.478678,2625.035971
31,鳥取県,22,静岡県,5611.682827,4516.994082
31,鳥取県,23,愛知県,11869.33765,8735.485551
31,鳥取県,24,三重県,2722.310552,2372.530886
31,鳥取県,25,滋賀県,2230.671767,1984.959298
31,鳥取県,26,京都府,4009.481351,3351.418482
31,鳥取県,27,大阪府,13932.94769,10048.65355
31,鳥取県,28,兵庫県,8491.508718,6511.270725
31,鳥取県,29,奈良県,2044.517276,1835.709979
31,鳥取県,30,和歌山県,1400.136345,1305.934313
31,鳥取県,31,鳥取県,844.854999,253.4565
31,鳥取県,32,島根県,1021.463106,982.388197
31,鳥取県,33,岡山県,2913.238235,2520.749519
31,鳥取県,34,広島県,4318.147772,3579.944834
31,鳥取県,35,山口県,2038.15302,1830.58063
31,鳥取県,36,徳島県,1089.878859,1041.682702
31,鳥取県,37,香川県,1459.005714,1355.311578
31,鳥取県,38,愛媛県,2030.1977,1824.16637
31,鳥取県,39,高知県,1043.738002,1001.738372
31,鳥取県,40,福岡県,8101.698031,6247.41065
31,鳥取県,41,佐賀県,1253.758454,1182.148789
31,鳥取県,42,長崎県,1992.012163,1793.337779
31,鳥取県,43,熊本県,2700.035656,2355.160023
31,鳥取県,44,大分県,1726.30447,1576.880205
31,鳥取県,45,宮崎県,1643.569141,1508.736599
31,鳥取県,46,鹿児島県,2437.510091,2149.117714
32,島根県,1,北海道,12043.75759,8847.680618
32,島根県,2,青森県,2782.268014,2419.205158
32,島根県,3,岩手県,2734.503756,2382.032525
32,島根県,4,宮城県,5368.702571,4343.287943
32,島根県,5,秋田県,2142.22696,1914.234692
32,島根県,6,山形県,2414.483229,2130.92486
32,島根県,7,福島県,4162.655063,3465.086558
32,島根県,8,茨城県,6701.325362,5284.611334
32,島根県,9,栃木県,4501.781293,3714.927473
32,島根県,10,群馬県,4513.722357,3723.680749
32,島根県,11,埼玉県,17510.37689,12260.38281
32,島根県,12,千葉県,14928.71876,10671.957
32,島根県,13,東京都,33860.08232,21652.70222
32,島根県,14,神奈川県,22031.26389,14960.04093
32,島根県,15,新潟県,5012.858851,4087.055261
32,島根県,16,富山県,2381.048249,2104.472816
32,島根県,17,石川県,2622.25775,2294.372096
32,島根県,18,福井県,1764.889324,1608.534086
32,島根県,19,山梨県,1889.076394,1709.894551
32,島根県,20,長野県,4745.379007,3892.928001
32,島根県,21,岐阜県,4575.815892,3769.151084
32,島根県,22,静岡県,8423.226854,6465.172407
32,島根県,23,愛知県,17816.06814,12446.03777
32,島根県,24,三重県,4086.23225,3408.440326
32,島根県,25,滋賀県,3348.274468,2854.278218
32,島根県,26,京都府,6018.296476,4805.534741
32,島根県,27,大阪府,20913.58026,14301.3213
32,島根県,28,兵庫県,12745.89218,9297.00775
32,島根県,29,奈良県,3068.85356,2640.698942
32,島根県,30,和歌山県,2101.627341,1881.657589
32,島根県,31,鳥取県,1268.141043,1194.378406
32,島根県,32,島根県,1533.232674,459.969802
32,島根県,33,岡山県,4372.817797,3620.204671
32,島根県,34,広島県,6481.609776,5131.23517
32,島根県,35,山口県,3059.300709,2633.356846
32,島根県,36,徳島県,1635.925828,1502.422252
32,島根県,37,香川県,2189.991218,1952.47011
32,島根県,38,愛媛県,3047.359644,2624.175364
32,島根県,39,高知県,1566.667654,1445.054437
32,島根県,40,福岡県,12160.78002,8922.824377
32,島根県,41,佐賀県,1881.911755,1704.067749
32,島根県,42,長崎県,2990.042535,2580.043994
32,島根県,43,熊本県,4052.79727,3383.616371
32,島根県,44,大分県,2591.210983,2270.048297
32,島根県,45,宮崎県,2467.023913,2172.406471
32,島根県,46,鹿児島県,3658.742143,3089.075585
33,岡山県,1,北海道,80734.96857,45170.36712
33,岡山県,2,青森県,18650.85036,12950.58885
33,岡山県,3,岩手県,18330.66409,12757.48013
33,岡山県,4,宮城県,35988.93701,22812.05505
33,岡山県,5,秋田県,14360.35432,10316.96515
33,岡山県,6,山形県,16185.41607,11449.90277
33,岡山県,7,福島県,27904.23364,18341.00055
33,岡山県,8,茨城県,44922.13401,27557.64219
33,岡山県,9,栃木県,30177.55617,19617.65552
33,岡山県,10,群馬県,30257.60274,19662.31362
33,岡山県,11,埼玉県,117380.2874,61629.31074
33,岡山県,12,千葉県,100074.2194,54012.30335
33,岡山県,13,東京都,226980.0485,105395.3134
33,岡山県,14,神奈川県,147685.9181,74418.70776
33,岡山県,15,新潟県,33603.54928,21512.17998
33,岡山県,16,富山県,15961.28568,11311.83613
33,岡山県,17,石川県,17578.22635,12301.63183
33,岡山県,18,福井県,11830.88276,8710.717947
33,岡山県,19,山梨県,12663.36707,9244.384806
33,岡山県,20,長野県,31810.50616,20524.88445
33,岡山県,21,岐阜県,30673.84489,19894.22265
33,岡山県,22,静岡県,56464.84913,33449.92509
33,岡山県,23,愛知県,119429.4796,62514.9509
33,岡山県,24,三重県,27391.9356,18050.9973
33,岡山県,25,滋賀県,22445.05769,15202.5766
33,岡山県,26,京都府,40343.47032,25148.06653
33,岡山県,27,大阪府,140193.5593,71315.20036
33,岡山県,28,兵庫県,85441.70678,47358.08739
33,岡山県,29,奈良県,20571.968,14098.90428
33,岡山県,30,和歌山県,14088.19598,10146.2509
33,岡山県,31,鳥取県,8500.945531,6517.637703
33,岡山県,32,島根県,10277.97934,7700.487567
33,岡山県,33,岡山県,29313.05323,8793.91597
33,岡山県,34,広島県,43449.27716,26787.44349
33,岡山県,35,山口県,20507.93074,14060.90215
33,岡山県,36,徳島県,10966.37983,8150.808127
33,岡山県,37,香川県,14680.54059,10517.19822
33,岡山県,38,愛媛県,20427.88418,14013.37359
33,岡山県,39,高知県,10502.10973,7847.556226
33,岡山県,40,福岡県,81519.42494,45536.7026
33,岡山県,41,佐賀県,12615.33913,9213.73655
33,岡山県,42,長崎県,20043.66065,13784.83257
33,岡山県,43,熊本県,27167.80521,17923.84451
33,岡山県,44,大分県,17370.10528,12175.02797
33,岡山県,45,宮崎県,16537.62097,11666.2889
33,岡山県,46,鹿児島県,24526.26846,16412.03374
34,広島県,1,北海道,95886.58307,52129.4377
34,広島県,2,青森県,22151.07461,15030.33821
34,広島県,3,岩手県,21770.79866,14807.0092
34,広島県,4,宮城県,42743.0178,26416.49949
34,広島県,5,秋田県,17055.37676,11983.13592
34,広島県,6,山形県,19222.94973,13294.37559
34,広島県,7,福島県,33141.04983,21258.37818
34,広島県,8,茨城県,53352.71705,31884.72062
34,広島県,9,栃木県,35841.00914,22731.87792
34,広島県,10,群馬県,35936.07813,22783.4119
34,広島県,11,埼玉県,139409.1666,70988.18854
34,広島県,12,千葉県,118855.251,62267.10391
34,広島県,13,東京都,269577.6274,120906.9447
34,広島県,14,神奈川県,175402.2861,85607.93343
34,広島県,15,新潟県,39909.9619,24917.52912
34,広島県,16,富山県,18956.75656,13134.61227
34,広島県,17,石川県,20877.15015,14279.75983
34,広島県,18,福井県,14051.19669,10123.00553
34,広島県,19,山梨県,15039.91418,10741.17259
34,広島県,20,長野県,37780.41653,23778.66228
34,広島県,21,岐阜県,36430.43688,23051.01673
34,広島県,22,静岡県,67061.66538,38665.77105
34,広島県,23,愛知県,141842.9327,72001.50575
34,広島県,24,三重県,32532.6083,20923.58271
34,広島県,25,滋賀県,26657.34473,17633.6145
34,広島県,26,京都府,47914.77084,29109.03225
34,広島県,27,大阪府,166503.8287,82062.87005
34,広島県,28,兵庫県,101476.6397,54639.22661
34,広島県,29,奈良県,24432.73037,16358.03548
34,広島県,30,和歌山県,16732.1422,11785.50108
34,広島県,31,鳥取県,10096.32671,7580.962081
34,広島県,32,島根県,12206.85829,8952.384169
34,広島県,33,岡山県,34814.26405,22173.81889
34,広島県,34,広島県,51603.44764,15481.03429
34,広島県,35,山口県,24356.67518,16314.10557
34,広島県,36,徳島県,13024.4516,9474.272524
34,広島県,37,香川県,17435.65272,12214.92631
34,広島県,38,愛媛県,24261.60619,16259.16243
34,広島県,39,高知県,12473.05146,9122.838922
34,広島県,40,福岡県,96818.25917,52549.77323
34,広島県,41,佐賀県,14982.87279,10705.67564
34,広島県,42,長崎県,23805.27504,15994.95563
34,広島県,43,熊本県,32266.41512,20776.78145
34,広島県,44,大分県,20629.97078,14133.30949
34,広島県,45,宮崎県,19641.25328,13544.74844
34,広島県,46,鹿児島県,29129.13846,19030.9177
35,山口県,1,北海道,64813.25747,37572.86465
35,山口県,2,青森県,14972.72357,10699.35767
35,山口県,3,岩手県,14715.6811,10539.13444
35,山口県,4,宮城県,28891.57303,18897.48796
35,山口県,5,秋田県,11528.35454,8515.464526
35,山口県,6,山形県,12993.49659,9454.601219
35,山口県,7,福島県,22401.2508,15176.93366
35,山口県,8,茨城県,36063.05779,22852.20756
35,山口県,9,栃木県,24226.2523,16238.72165
35,山口県,10,群馬県,24290.51291,16275.87209
35,山口県,11,埼玉県,94231.76755,51380.79045
35,山口県,12,千葉県,80338.62233,44985.0099
35,山口県,13,東京都,182217.4032,88294.79162
35,山口県,14,神奈川県,118560.8368,62139.93071
35,山口県,15,新潟県,26976.60667,17815.24
35,山口県,16,富山県,12813.56686,9340.124456
35,山口県,17,石川県,14111.63131,10160.96987
35,山口県,18,福井県,9497.719069,7184.92513
35,山口県,19,山梨県,10166.02948,7626.861034
35,山口県,20,長野県,25537.16887,16993.54312
35,山口県,21,岐阜県,24624.66812,16468.80307
35,山口県,22,静岡県,45329.43864,27769.84243
35,山口県,23,愛知県,95876.83932,52125.03732
35,山口県,24,三重県,21989.98285,14935.80598
35,山口県,25,滋賀県,18018.67677,12568.82115
35,山口県,26,京都府,32387.35055,20843.50036
35,山口県,27,大阪府,112546.0432,59526.84531
35,山口県,28,兵庫県,68591.7817,39405.54745
35,山口県,29,奈良県,16514.97836,11652.39875
35,山口県,30,和歌山県,11309.86845,8373.998962
35,山口県,31,鳥取県,6824.477437,5370.288275
35,山口県,32,島根県,8251.063116,6348.714429
35,山口県,33,岡山県,23532.23764,15836.48827
35,山口県,34,広島県,34880.66246,22209.99134
35,山口県,35,山口県,16463.56986,4939.070959
35,山口県,36,徳島県,8803.704415,6721.401889
35,山口県,37,香川県,11785.39701,8681.407118
35,山口県,38,愛媛県,16399.30925,11581.3967
35,山口県,39,高知県,8430.992841,6470.417926
35,山口県,40,福岡県,65443.0115,37879.68892
35,山口県,41,佐賀県,10127.47311,7601.477297
35,山口県,42,長崎県,16090.85829,11391.68927
35,山口県,43,熊本県,21810.05313,14830.09074
35,山口県,44,大分県,13944.55371,10055.95519
35,山口県,45,宮崎県,13276.2433,9634.031079
35,山口県,46,鹿児島県,19689.45279,13573.54492
36,徳島県,1,北海道,20140.04455,13842.22614
36,徳島県,2,青森県,4652.617867,3825.285042
36,徳島県,3,岩手県,4572.744599,3766.903846
36,徳島県,4,宮城県,8977.755335,6838.1064
36,徳島県,5,秋田県,3582.316074,3031.51016
36,徳島県,6,山形県,4037.593703,3372.320028
36,徳島県,7,福島県,6960.955315,5464.997153
36,徳島県,8,茨城県,11206.21952,8306.752841
36,徳島県,9,栃木県,7528.055519,5855.950525
36,徳島県,10,群馬県,7548.023836,5869.643013
36,徳島県,11,埼玉県,29281.54009,19116.42079
36,徳島県,12,千葉県,24964.38995,16664.52018
36,徳島県,13,東京都,56622.15976,33528.61558
36,徳島県,14,神奈川県,36841.54491,23273.08588
36,徳島県,15,新潟県,8382.699487,6437.787583
36,徳島県,16,富山県,3981.682415,3330.732119
36,徳島県,17,石川県,4385.042419,3629.198433
36,徳島県,18,福井県,2951.317256,2550.17029
36,徳島県,19,山梨県,3158.987754,2709.840356
36,徳島県,20,長野県,7935.409186,6134.330262
36,徳島県,21,岐阜県,7651.859084,5940.765849
36,徳島県,22,静岡県,14085.65083,10144.65216
36,徳島県,23,愛知県,29792.729,19402.68612
36,徳島県,24,三重県,6833.158086,5376.319645
36,徳島県,25,滋賀県,5599.116094,4508.034265
36,徳島県,26,京都府,10064.03178,7559.681018
36,徳島県,27,大阪府,34972.51044,22260.00902
36,徳島県,28,兵庫県,21314.18159,14538.03761
36,徳島県,29,奈良県,5131.857476,4172.993603
36,徳島県,30,和歌山県,3514.423797,2980.246739
36,徳島県,31,鳥取県,2120.635268,1896.918439
36,徳島県,32,島根県,2563.931906,2248.648073
36,徳島県,33,岡山県,7312.397695,5707.758255
36,徳島県,34,広島県,10838.80248,8067.660763
36,徳島県,35,山口県,5115.882822,4161.47193
36,徳島県,36,徳島県,2735.659433,820.69783
36,徳島県,37,香川県,3662.189343,3091.668587
36,徳島県,38,愛媛県,5095.914505,4147.06338
36,徳島県,39,高知県,2619.843194,2292.481614
36,徳島県,40,福岡県,20335.73406,13958.62265
36,徳島県,41,佐賀県,3147.006763,2700.6636
36,徳島県,42,長崎県,5000.066583,4077.801579
36,徳島県,43,熊本県,6777.246799,5337.45429
36,徳島県,44,大分県,4333.124795,3590.980443
36,徳島県,45,宮崎県,4125.454298,3437.528832
36,徳島県,46,鹿児島県,6118.292337,4876.099429
37,香川県,1,北海道,26218.71105,17383.50453
37,香川県,2,青森県,6056.870587,4832.77355
37,香川県,3,岩手県,5952.889976,4759.296359
37,香川県,4,宮城県,11687.42067,8618.216611
37,香川県,5,秋田県,4663.5304,3833.251413
37,香川県,6,山形県,5256.219883,4262.534193
37,香川県,7,福島県,9061.910243,6894.422121
37,香川県,8,茨城県,14588.47971,10459.6931
37,香川県,9,栃木県,9800.172581,7385.448256
37,香川県,10,群馬県,9826.167733,7402.642255
37,香川県,11,埼玉県,38119.29197,23960.61423
37,香川県,12,千葉県,32499.13995,20905.13651
37,香川県,13,東京都,73711.85509,41858.52146
37,香川県,14,神奈川県,47961.05679,29132.88903
37,香川県,15,新潟県,10912.76512,8115.881967
37,香川県,16,富山県,5183.433455,4210.161454
37,香川県,17,石川県,5708.53554,4585.961551
37,香川県,18,福井県,3842.083574,3226.578025
37,香川県,19,山梨県,4112.433162,3427.875704
37,香川県,20,長野県,10330.4737,7734.973016
37,香川県,21,岐阜県,9961.342528,7491.949384
37,香川県,22,静岡県,18336.98074,12761.29474
37,香川県,23,愛知県,38784.76788,24317.12261
37,香川県,24,三重県,8895.541266,6783.019355
37,香川県,25,滋賀県,7289.040827,5691.673424
37,香川県,26,京都府,13101.55698,9523.242084
37,香川県,27,大阪府,45527.9105,27873.12133
37,香川県,28,兵庫県,27747.22603,18252.21396
37,香川県,29,奈良県,6680.754253,5270.279803
37,香川県,30,和歌山県,4575.146881,3768.661591
37,香川県,31,鳥取県,2760.68522,2402.41773
37,香川県,32,島根県,3337.777611,2846.294771
37,香川県,33,岡山県,9519.424931,7199.345062
37,香川県,34,広島県,14110.1689,10160.05149
37,香川県,35,山口県,6659.95813,5255.785582
37,香川県,36,徳島県,3561.335925,3015.681429
37,香川県,37,香川県,4767.511011,1430.253303
37,香川県,38,愛媛県,6633.962978,5237.659398
37,香川県,39,高知県,3410.564039,2901.590918
37,香川県,40,福岡県,26473.46354,17528.84653
37,香川県,41,佐賀県,4096.836071,3416.307912
37,香川県,42,長崎県,6509.186245,5150.522542
37,香川県,43,熊本県,8822.754838,6734.190892
37,香川県,44,大分県,5640.948143,4537.849609
37,香川県,45,宮崎県,5370.598555,4344.647239
37,香川県,46,鹿児島県,7964.914798,6154.418001
38,愛媛県,1,北海道,47214.14094,28747.40754
38,愛媛県,2,青森県,10907.09383,8112.186113
38,愛媛県,3,岩手県,10719.84759,7990.008501
38,愛媛県,4,宮城県,21046.47805,14379.92857
38,愛媛県,5,秋田県,8397.994134,6448.124472
38,愛媛県,6,山形県,9465.297737,7163.378045
38,愛媛県,7,福島県,16318.51034,11531.75476
38,愛媛県,8,茨城県,26270.64832,17413.15433
38,愛媛県,9,栃木県,17647.95869,12344.00042
38,愛媛県,10,群馬県,17694.77025,12372.42837
38,愛媛県,11,埼玉県,68644.47379,39430.96651
38,愛媛県,12,千葉県,58523.8142,34476.71746
38,愛媛県,13,東京都,132738.8638,68190.69888
38,愛媛県,14,神奈川県,86367.33098,47785.47207
38,愛媛県,15,新潟県,19651.49352,13550.86732
38,愛媛県,16,富山県,9334.225364,7076.163317
38,愛媛県,17,石川県,10279.81891,7701.69646
38,愛媛県,18,福井県,6918.748791,5435.734454
38,愛媛県,19,山梨県,7405.58903,5771.866815
38,愛媛県,20,長野県,18602.91454,12921.71052
38,愛媛県,21,岐阜県,17938.19037,12520.07062
38,愛媛県,22,静岡県,33020.87549,21192.33424
38,愛媛県,23,愛知県,69842.84977,40008.0723
38,愛媛県,24,三重県,16018.91635,11347.36473
38,愛媛県,25,滋賀県,13125.96185,9538.732881
38,愛媛県,26,京都府,23593.027,15871.79474
38,愛媛県,27,大阪府,81985.76882,45754.15208
38,愛媛県,28,兵庫県,49966.66075,30162.72393
38,愛媛県,29,奈良県,12030.57131,8839.206751
38,愛媛県,30,和歌山県,8238.834825,6340.43026
38,愛媛県,31,鳥取県,4971.387832,4057.04496
38,愛媛県,32,島根県,6010.604497,4800.100393
38,愛媛県,33,岡山県,17142.39382,12036.24385
38,愛媛県,34,広島県,25409.31559,16920.20349
38,愛媛県,35,山口県,11993.12206,8815.133578
38,愛媛県,36,徳島県,6413.183926,5083.330417
38,愛媛県,37,香川県,8585.24038,6574.468432
38,愛媛県,38,愛媛県,11946.3105,3583.893149
38,愛媛県,39,高知県,6141.67687,4892.579539
38,愛媛県,40,福岡県,47672.89424,28984.2968
38,愛媛県,41,佐賀県,7377.502093,5752.556563
38,愛媛県,42,長崎県,11721.615,8640.279035
38,愛媛県,43,熊本県,15887.84398,11266.53246
38,愛媛県,44,大分県,10158.10885,7621.647556
38,愛媛県,45,宮崎県,9671.268607,7300.093068
38,愛媛県,46,鹿児島県,14343.06245,10306.13286
39,高知県,1,北海道,6402.301969,5075.705813
39,高知県,2,青森県,1479.016814,1372.045838
39,高知県,3,岩手県,1453.625968,1350.808476
39,高知県,4,宮城県,2853.931157,2474.835963
39,高知県,5,秋田県,1138.77947,1083.819998
39,高知県,6,山形県,1283.507295,1207.427853
39,高知県,7,福島県,2212.812281,1970.704449
39,高知県,8,茨城県,3562.335777,3016.436038
39,高知県,9,栃木県,2393.087292,2114.002438
39,高知県,10,群馬県,2399.435003,2119.024784
39,高知県,11,埼玉県,9308.284362,7058.882329
39,高知県,12,千葉県,7935.909104,6134.670695
39,高知県,13,東京都,17999.57115,12557.2519
39,高知県,14,神奈川県,11711.52799,8633.771782
39,高知県,15,新潟県,2664.76935,2327.623286
39,高知県,16,富山県,1265.733703,1192.332479
39,高知県,17,石川県,1393.957478,1300.738678
39,高知県,18,福井県,938.191782,909.646231
39,高知県,19,山梨県,1004.207983,967.368007
39,高知県,20,長野県,2522.580609,2216.157263
39,高知県,21,岐阜県,2432.443104,2145.116159
39,高知県,22,静岡県,4477.675797,3697.248292
39,高知県,23,愛知県,9470.78578,7167.026094
39,高知県,24,三重県,2172.186926,1938.22905
39,高知県,25,滋賀県,1779.898346,1620.825975
39,高知県,26,京都府,3199.246671,2740.645844
39,高知県,27,大阪府,11117.38218,8249.046097
39,高知県,28,兵庫県,6775.547414,5336.272342
39,高知県,29,奈良県,1631.361894,1498.650296
39,高知県,30,和歌山県,1117.19725,1065.247091
39,高知県,31,鳥取県,674.126977,674.126977
39,高知県,32,島根県,815.046176,800.804315
39,高知県,33,岡山県,2324.532006,2059.661467
39,高知県,34,広島県,3445.537883,2928.10964
39,高知県,35,山口県,1626.283724,1494.451959
39,高知県,36,徳島県,869.636496,849.251002
39,高知県,37,香川県,1164.170316,1105.622323
39,高知県,38,愛媛県,1619.936013,1489.201984
39,高知県,39,高知県,832.819768,249.845931
39,高知県,40,福岡県,6464.509543,5119.269603
39,高知県,41,佐賀県,1000.399356,964.049024
39,高知県,42,長崎県,1589.466997,1463.970073
39,高知県,43,熊本県,2154.413334,1923.999146
39,高知県,44,大分県,1377.453428,1286.848495
39,高知県,45,宮崎県,1311.437227,1231.103499
39,高知県,46,鹿児島県,1944.938849,1755.240883
40,福岡県,1,北海道,97670.49016,52933.54333
40,福岡県,2,青森県,22563.18085,15271.68234
40,福岡県,3,岩手県,22175.83011,15044.85571
40,福岡県,4,宮城県,43538.22365,26834.085
40,福岡県,5,秋田県,17372.68088,12176.59615
40,福岡県,6,山形県,19580.58012,13508.48418
40,福岡県,7,福島県,33757.61736,21596.59607
40,福岡県,8,茨城県,54345.30942,32385.70122
40,福岡県,9,栃木県,36507.80765,23092.84275
40,福岡県,10,群馬県,36604.64533,23145.17117
40,福岡県,11,埼玉県,142002.7828,72067.92533
40,福岡県,12,千葉県,121066.4751,63220.1156
40,福岡県,13,東京都,274592.9426,122690.4067
40,福岡県,14,神奈川県,178665.5308,86897.45122
40,福岡県,15,新潟県,40652.46061,25312.12387
40,福岡県,16,富山県,19309.4346,13346.20866
40,福岡県,17,石川県,21265.55586,14509.34177
40,福岡県,18,福井県,14312.61,10287.05161
40,福岡県,19,山梨県,15319.72194,10915.01039
40,福岡県,20,長野県,38483.29644,24155.74982
40,福岡県,21,岐阜県,37108.2013,23416.90018
40,福岡県,22,静岡県,68309.30375,39269.21438
40,福岡県,23,愛知県,144481.8276,73095.88817
40,福岡県,24,三重県,33137.85617,21256.62357
40,福岡県,25,滋賀県,27153.28717,17915.60234
40,福岡県,26,京都府,48806.19378,29567.77181
40,福岡県,27,大阪府,169601.5234,83301.81417
40,福岡県,28,兵庫県,103364.5461,55480.36348
40,福岡県,29,奈良県,24887.28532,16620.13698
40,福岡県,30,和歌山県,17043.43275,11975.84311
40,福岡県,31,鳥取県,10284.16226,7704.55063
40,福岡県,32,島根県,12433.95889,9097.839328
40,福岡県,33,岡山県,35461.96064,22526.176
40,福岡県,34,広島県,52563.496,31485.17383
40,福岡県,35,山口県,24809.81517,16575.52124
40,福岡県,36,徳島県,13266.76299,9628.023963
40,福岡県,37,香川県,17760.03162,12412.04159
40,福岡県,38,愛媛県,24712.97748,16519.72023
40,福岡県,39,高知県,12705.10441,9271.005197
40,福岡県,40,福岡県,98619.49949,29585.84985
40,福岡県,41,佐賀県,15261.61932,10878.95163
40,福岡県,42,長崎県,24248.15659,16251.38675
40,福岡県,43,熊本県,32866.71065,21107.55125
40,福岡県,44,大分県,21013.77788,14360.59404
40,福岡県,45,宮崎県,20006.66594,13762.79208
40,福岡県,46,鹿児島県,29671.06701,19334.62925
41,佐賀県,1,北海道,20251.64953,13908.63034
41,佐賀県,2,青森県,4678.4001,3844.102812
41,佐賀県,3,岩手県,4598.084218,3785.438955
41,佐賀県,4,宮城県,9027.505085,6871.407225
41,佐賀県,5,秋田県,3602.167287,3046.476735
41,佐賀県,6,山形県,4059.967812,3388.942305
41,佐賀県,7,福島県,6999.529076,5491.720571
41,佐賀県,8,茨城県,11268.31818,8347.052219
41,佐賀県,9,栃木県,7569.771835,5884.550316
41,佐賀県,10,群馬県,7589.850806,5898.308466
41,佐賀県,11,埼玉県,29443.80217,19207.37573
41,佐賀県,12,千葉県,25102.72878,16744.09629
41,佐賀県,13,東京都,56935.92842,33685.45003
41,佐賀県,14,神奈川県,37045.70036,23383.20777
41,佐賀県,15,新潟県,8429.151768,6469.174437
41,佐賀県,16,富山県,4003.746695,3347.152538
41,佐賀県,17,石川県,4409.341897,3647.066466
41,佐賀県,18,福井県,2967.671823,2562.792306
41,佐賀県,19,山梨県,3176.493115,2723.24095
41,佐賀県,20,長野県,7979.382831,6164.264315
41,佐賀県,21,岐阜県,7694.261452,5969.772313
41,佐賀県,22,静岡県,14163.70571,10193.66331
41,佐賀県,23,愛知県,29957.82382,19494.9659
41,佐賀県,24,三重県,6871.023666,5402.617031
41,佐賀県,25,滋賀県,5630.143296,4530.151314
41,佐賀県,26,京都府,10119.80107,7596.424773
41,佐賀県,27,大阪府,35166.30873,22365.47302
41,佐賀県,28,兵庫県,21432.29299,14607.69703
41,佐賀県,29,奈良県,5160.295389,4193.493047
41,佐賀県,30,和歌山県,3533.898788,2994.963967
41,佐賀県,31,鳥取県,2132.386655,1906.345393
41,佐賀県,32,島根県,2578.139797,2259.797369
41,佐賀県,33,岡山県,7352.918955,5735.647156
41,佐賀県,34,広島県,10898.86513,8106.82316
41,佐賀県,35,山口県,5144.232213,4181.915699
41,佐賀県,36,徳島県,2750.818943,2394.738422
41,佐賀県,37,香川県,3682.483169,3106.927671
41,佐賀県,38,愛媛県,5124.153242,4167.437519
41,佐賀県,39,高知県,2634.360915,2303.845212
41,佐賀県,40,福岡県,20448.42344,14025.57176
41,佐賀県,41,佐賀県,3164.445733,949.33372
41,佐賀県,42,長崎県,5027.774184,4097.840934
41,佐賀県,43,熊本県,6814.802549,5363.564905
41,佐賀県,44,大分県,4357.136574,3608.66325
41,佐賀県,45,宮崎県,4148.315282,3454.467519
41,佐賀県,46,鹿児島県,6152.196526,4899.990529
42,長崎県,1,北海道,16705.1802,11768.98992
42,長崎県,2,青森県,3859.118566,3239.312437
42,長崎県,3,岩手県,3792.867603,3189.747736
42,長崎県,4,宮城県,7446.608186,5800.050583
42,長崎県,5,秋田県,2971.355668,2565.634252
42,長崎県,6,山形県,3348.986155,2854.819386
42,長崎県,7,福島県,5773.771382,4632.329672
42,長崎県,8,茨城県,9295.010039,7050.036867
42,長崎県,9,栃木県,6244.153216,4964.702889
42,長崎県,10,群馬県,6260.715957,4976.345226
42,長崎県,11,埼玉県,24287.60285,16274.19006
42,長崎県,12,千葉県,20706.73833,14178.82223
42,長崎県,13,東京都,46965.30732,28618.74442
42,長崎県,14,神奈川県,30558.25646,19829.87508
42,長崎県,15,新潟県,6953.038515,5459.510063
42,長崎県,16,富山県,3302.610481,2819.526002
42,長崎県,17,石川県,3637.177842,3072.848
42,長崎県,18,福井県,2447.973065,2157.377577
42,長崎県,19,山梨県,2620.225567,2292.781007
42,長崎県,20,長野県,6582.033125,5201.421072
42,長崎県,21,岐阜県,6346.842208,5036.820601
42,長崎県,22,静岡県,11683.35724,8615.594244
42,長崎県,23,愛知県,24711.60901,16518.93143
42,長崎県,24,三重県,5667.769842,4556.951449
42,長崎県,25,滋賀県,4644.192472,3819.132721
42,長崎県,26,京都府,8347.621276,6414.070258
42,長崎県,27,大阪府,29007.98393,18962.89306
42,長崎県,28,兵庫県,17679.06935,12362.89472
42,長崎県,29,奈良県,4256.624341,3534.561807
42,長崎県,30,和歌山県,2915.04235,2522.144451
42,長崎県,31,鳥取県,1758.963055,1603.677439
42,長崎県,32,島根県,2126.655896,1901.74893
42,長崎県,33,岡山県,6065.275617,4838.705692
42,長崎県,34,広島県,8990.255612,6846.476051
42,長崎県,35,山口県,4243.374148,3524.777072
42,長崎県,36,徳島県,2269.095466,2015.583331
42,長崎県,37,香川県,3037.606631,2616.673079
42,長崎県,38,愛媛県,4226.811408,3512.540796
42,長崎県,39,高知県,2173.03157,1938.904955
42,長崎県,40,福岡県,16867.49505,11868.329
42,長崎県,41,佐賀県,2610.287923,2284.998284
42,長崎県,42,長崎県,4147.310253,1244.193076
42,長崎県,43,熊本県,5621.394169,4523.916291
42,長崎県,44,大分県,3594.114716,3040.406816
42,長崎県,45,宮崎県,3421.862213,2910.161289
42,長崎県,46,鹿児島県,5074.823728,4131.837075
43,熊本県,1,北海道,32135.71233,20704.62707
43,熊本県,2,青森県,7423.776494,5784.365777
43,熊本県,3,岩手県,7296.329688,5696.693675
43,熊本県,4,宮城県,14325.02108,10294.82901
43,熊本県,5,秋田県,5715.989284,4591.262956
43,熊本県,6,山形県,6442.436082,5103.817955
43,熊本県,7,福島県,11106.98921,8242.290795
43,熊本県,8,茨城県,17880.78699,12485.28114
43,熊本県,9,栃木県,12011.86154,8827.181057
43,熊本県,10,群馬県,12043.72324,8847.658545
43,熊本県,11,埼玉県,46721.99936,28492.82107
43,熊本県,12,千葉県,39833.49946,24876.82198
43,熊本県,13,東京都,90347.04132,49612.72389
43,熊本県,14,神奈川県,58784.83962,34606.40791
43,熊本県,15,新潟県,13375.54237,9696.913716
43,熊本県,16,富山県,6353.223318,5041.296934
43,熊本県,17,石川県,6996.829692,5489.85111
43,熊本県,18,福井県,4709.15951,3866.536189
43,熊本県,19,山梨県,5040.521208,4107.055416
43,熊本県,20,長野県,12661.84025,9243.41075
43,熊本県,21,岐阜県,12209.40409,8954.016867
43,熊本県,22,静岡県,22475.24437,15220.24218
43,熊本県,23,愛知県,47537.65893,28914.50693
43,熊本県,24,三重県,10903.07432,8109.566519
43,熊本県,25,滋賀県,8934.021155,6808.811242
43,熊本県,26,京都府,16058.29765,11371.63183
43,熊本県,27,大阪府,55802.58435,33118.20086
43,熊本県,28,兵庫県,34009.18039,21734.29203
43,熊本県,29,奈良県,8188.457335,6306.283914
43,熊本県,30,和歌山県,5607.659498,4514.125815
43,熊本県,31,鳥取県,3383.71272,2881.20867
43,熊本県,32,島根県,4091.042497,3412.00964
43,熊本県,33,岡山県,11667.75516,8605.524116
43,熊本県,34,広島県,17294.53168,12128.9985
43,熊本県,35,山口県,8162.967974,6288.996122
43,熊本県,36,徳島県,4365.053132,3614.490506
43,熊本県,37,香川県,5843.43609,4681.770831
43,熊本県,38,愛媛県,8131.106272,6267.376076
43,熊本県,39,高知県,4180.255262,3478.11382
43,熊本県,40,福岡県,32447.957,20876.92071
43,熊本県,41,佐賀県,5021.404187,4093.235119
43,熊本県,42,長崎県,7978.170104,6163.439078
43,熊本県,43,熊本県,10813.86156,3244.158466
43,熊本県,44,大分県,6913.989267,5432.433089
43,熊本県,45,宮崎県,6582.62757,5201.836108
43,熊本県,46,鹿児島県,9762.425399,7360.469795
44,大分県,1,北海道,48095.00159,29201.9039
44,大分県,2,青森県,11110.58435,8244.627689
44,大分県,3,岩手県,10919.8447,8120.495197
44,大分県,4,宮城県,21439.13614,14611.73113
44,大分県,5,秋田県,8554.673096,6553.869124
44,大分県,6,山形県,9641.889075,7280.617032
44,大分県,7,福島県,16622.9601,11718.6147
44,大分県,8,茨城県,26760.77225,17692.49191
44,大分県,9,栃木県,17977.21158,12543.70987
44,大分県,10,群馬県,18024.89649,12572.58705
44,大分県,11,埼玉県,69925.15401,40047.63799
44,大分県,12,千葉県,59615.67617,35018.50097
44,大分県,13,東京都,135215.3346,69232.8383
44,大分県,14,神奈川県,87978.66144,48527.29232
44,大分県,15,新潟県,20018.12579,13769.62023
44,大分県,16,富山県,9508.371323,7192.00235
44,大分県,17,石川県,10471.60653,7827.566898
44,大分県,18,福井県,7047.829898,5525.155197
44,大分県,19,山梨県,7543.752976,5866.714848
44,大分県,20,長野県,18949.98377,13130.54292
44,大分県,21,岐阜県,18272.85803,12722.5619
44,大分県,22,静岡県,33636.93647,21530.4788
44,大分県,23,愛知県,71145.88774,40633.43355
44,大分県,24,三重県,16317.77666,11531.30383
44,大分県,25,滋賀県,13370.84914,9693.94319
44,大分県,26,京都府,24033.19532,16127.01671
44,大分県,27,大阪府,83515.35374,46465.66909
44,大分県,28,兵庫県,50898.87438,30638.85453
44,大分県,29,奈良県,12255.02222,8983.264831
44,大分県,30,和歌山県,8392.544398,6444.441561
44,大分県,31,鳥取県,5064.137586,4124.119228
44,大分県,32,島根県,6122.742618,4879.23637
44,大分県,33,岡山県,17462.21454,12231.08787
44,大分県,34,広島県,25883.36988,17191.83717
44,大分県,35,山口県,12216.87429,8958.807442
44,大分県,36,徳島県,6532.832855,5167.052749
44,大分県,37,香川県,8745.412742,6682.245695
44,大分県,38,愛媛県,12169.18938,8928.220282
44,大分県,39,高知県,6256.260369,4973.213687
44,大分県,40,福岡県,48562.31372,29442.41758
44,大分県,41,佐賀県,7515.142029,5847.093013
44,大分県,42,長崎県,11940.3018,8781.161289
44,大分県,43,熊本県,16184.25891,11449.19069
44,大分県,44,大分県,10347.62576,3104.287729
44,大分県,45,宮崎県,9851.702685,7419.525701
44,大分県,46,鹿児島県,14610.65684,10473.55075
45,宮崎県,1,北海道,18212.04114,12685.80679
45,宮崎県,2,青森県,4207.223465,3498.061839
45,宮崎県,3,岩手県,4134.996452,3444.60044
45,宮崎県,4,宮城県,8118.316179,6258.694013
45,宮崎県,5,秋田県,3239.3815,2771.30996
45,宮崎県,6,山形県,3651.07547,3083.307598
45,宮崎県,7,福島県,6294.584119,5000.139404
45,宮崎県,8,茨城県,10133.44982,7605.412973
45,宮崎県,9,栃木県,6807.395906,5358.416953
45,宮崎県,10,群馬県,6825.452659,5370.965917
45,宮崎県,11,埼玉県,26478.4227,17531.67359
45,宮崎県,12,千葉県,22574.55269,15278.33221
45,宮崎県,13,東京都,51201.729,30793.19869
45,宮崎県,14,神奈川県,33314.70941,21353.74506
45,宮崎県,15,新潟県,7580.224938,5891.713413
45,宮崎県,16,富山県,3600.516562,3045.232575
45,宮崎県,17,石川県,3965.262974,3318.505335
45,宮崎県,18,福井県,2668.788103,2330.763379
45,宮崎県,19,山梨県,2856.578335,2476.887721
45,宮崎県,20,長野県,7175.753669,5613.559471
45,宮崎県,21,岐阜県,6919.347775,5436.149909
45,宮崎県,22,静岡県,12737.23361,9291.488846
45,宮崎県,23,愛知県,26940.67558,17794.81655
45,宮崎県,24,三重県,6179.0209,4918.880539
45,宮崎県,25,滋賀県,5063.11356,4123.379538
45,宮崎県,26,京都府,9100.603546,6920.291154
45,宮崎県,27,大阪府,31624.59732,20421.99469
45,宮崎県,28,兵庫県,19273.77822,13324.84301
45,宮崎県,29,奈良県,4640.585538,3816.498467
45,宮崎県,30,和歌山県,3177.98854,2724.385306
45,宮崎県,31,鳥取県,1917.627176,1733.08936
45,宮崎県,32,島根県,2318.487094,2054.861063
45,宮崎県,33,岡山県,6612.382973,5222.604736
45,宮崎県,34,広島県,9801.205565,7386.131624
45,宮崎県,35,山口県,4626.140136,3805.945957
45,宮崎県,36,徳島県,2473.77517,2177.729169
45,宮崎県,37,香川県,3311.608513,2826.378456
45,宮崎県,38,愛媛県,4608.083383,3792.749479
45,宮崎県,39,高知県,2369.046002,2094.966743
45,宮崎県,40,福岡県,18388.99732,12792.69979
45,宮崎県,41,佐賀県,2845.744283,2468.4891
45,宮崎県,42,長崎県,4521.410968,3729.315268
45,宮崎県,43,熊本県,6128.461991,4883.267441
45,宮崎県,44,大分県,3918.315416,3283.51108
45,宮崎県,45,宮崎県,3730.525184,1119.157555
45,宮崎県,46,鹿児島県,5532.58914,4460.558547
46,鹿児島県,1,北海道,24600.73979,16455.00153
46,鹿児島県,2,青森県,5683.09773,4567.862393
46,鹿児島県,3,岩手県,5585.533821,4498.347469
46,鹿児島県,4,宮城県,10966.18343,8150.680233
46,鹿児島県,5,秋田県,4375.741342,3622.355835
46,鹿児島県,6,山形県,4931.855627,4028.408028
46,鹿児島県,7,福島県,8502.694715,6518.817765
46,鹿児島県,8,茨城県,13688.21651,9894.478413
46,鹿児島県,9,栃木県,9195.398473,6983.603968
46,鹿児島県,10,群馬県,9219.78945,6999.879929
46,鹿児島県,11,埼玉県,35766.92923,22691.7054
46,鹿児島県,12,千葉県,30493.59992,19793.86354
46,鹿児島県,13,東京都,69163.05547,39680.93598
46,鹿児島県,14,神奈川県,45001.35327,27598.94089
46,鹿児島県,15,新潟県,10239.33231,7675.083158
46,鹿児島県,16,富山県,4863.56089,3978.866805
46,鹿児島県,17,石川県,5356.258633,4334.364928
46,鹿児島県,18,福井県,3604.986457,3048.601395
46,鹿児島県,19,山梨県,3858.652622,3238.964215
46,鹿児島県,20,長野県,9692.974412,7314.476822
46,鹿児島県,21,岐阜県,9346.622533,7084.419532
46,鹿児島県,22,静岡県,17205.39545,12074.66938
46,鹿児島県,23,愛知県,36391.33825,23029.87458
46,鹿児島県,24,三重県,8346.59246,6413.374444
46,鹿児島県,25,滋賀県,6839.230058,5380.537885
46,鹿児島県,26,京都府,12293.0526,9007.635979
46,鹿児島県,27,大阪府,42718.35779,26403.52817
46,鹿児島県,28,兵庫県,26034.92926,17278.51156
46,鹿児島県,29,奈良県,6268.481187,4981.802198
46,鹿児島県,30,和歌山県,4292.812019,3561.265643
46,鹿児島県,31,鳥取県,2590.321798,2269.351157
46,鹿児島県,32,島根県,3131.801496,2689.011183
46,鹿児島県,33,岡山県,8931.975917,6807.440767
46,鹿児島県,34,広島県,13239.42252,9610.696417
46,鹿児島県,35,山口県,6248.968405,4968.088014
46,鹿児島県,36,徳島県,3341.563901,2849.174807
46,鹿児島県,37,香川県,4473.305252,3694.041618
46,鹿児島県,38,愛媛県,6224.577428,4950.937395
46,鹿児島県,39,高知県,3200.096233,2741.29541
46,鹿児島県,40,福岡県,24839.77137,16592.77591
46,鹿児島県,41,佐賀県,3844.018035,3228.02447
46,鹿児島県,42,長崎県,6107.500736,4868.49134
46,鹿児島県,43,熊本県,8278.297724,6367.158777
46,鹿児島県,44,大分県,5292.842092,4288.850167
46,鹿児島県,45,宮崎県,5039.175927,4106.083089
46,鹿児島県,46,鹿児島県,7473.39547,2242.018641
